n	d	Condition	count
2	1	107317A_TLS_0h_no4sU	345
2	1	107319A_TLS_1h	805
2	1	107321A_TLS_2h	3421
2	1	107323A_TLS_4h	5671
2	1	107325A_TLS_8h	8963
2	1	107347B_TLS_0h_no4sU	369
2	1	107349B_TLS_1h	974
2	1	107351B_TLS_2h	3608
2	1	107353B_TLS_4h	8387
2	1	107355B_TLS_8h	10446
35	2	107317A_TLS_0h_no4sU	8
35	2	107319A_TLS_1h	254
35	2	107321A_TLS_2h	1216
35	2	107323A_TLS_4h	1925
35	2	107325A_TLS_8h	2753
35	2	107347B_TLS_0h_no4sU	12
35	2	107349B_TLS_1h	363
35	2	107351B_TLS_2h	1267
35	2	107353B_TLS_4h	3394
35	2	107355B_TLS_8h	3084
2	2	107317A_TLS_0h_no4sU	1
2	2	107319A_TLS_1h	4
2	2	107321A_TLS_2h	17
2	2	107323A_TLS_4h	30
2	2	107325A_TLS_8h	67
2	2	107349B_TLS_1h	3
2	2	107351B_TLS_2h	22
2	2	107353B_TLS_4h	76
2	2	107355B_TLS_8h	91
35	3	107319A_TLS_1h	38
35	3	107321A_TLS_2h	230
35	3	107323A_TLS_4h	510
35	3	107325A_TLS_8h	723
35	3	107349B_TLS_1h	75
35	3	107351B_TLS_2h	355
35	3	107353B_TLS_4h	1177
35	3	107355B_TLS_8h	1021
68	4	107323A_TLS_4h	1
35	4	107319A_TLS_1h	2
35	4	107321A_TLS_2h	38
35	4	107323A_TLS_4h	84
35	4	107325A_TLS_8h	172
35	4	107349B_TLS_1h	9
35	4	107351B_TLS_2h	102
35	4	107353B_TLS_4h	318
35	4	107355B_TLS_8h	268
35	5	107323A_TLS_4h	6
35	5	107325A_TLS_8h	9
35	5	107349B_TLS_1h	1
35	5	107351B_TLS_2h	4
35	5	107353B_TLS_4h	15
35	5	107355B_TLS_8h	19
52	0	107317A_TLS_0h_no4sU	225
52	0	107319A_TLS_1h	219
52	0	107321A_TLS_2h	134
52	0	107323A_TLS_4h	103
52	0	107325A_TLS_8h	59
52	0	107347B_TLS_0h_no4sU	217
52	0	107349B_TLS_1h	179
52	0	107351B_TLS_2h	129
52	0	107353B_TLS_4h	102
52	0	107355B_TLS_8h	50
19	0	107317A_TLS_0h_no4sU	399400
19	0	107319A_TLS_1h	353260
19	0	107321A_TLS_2h	351538
19	0	107323A_TLS_4h	255636
19	0	107325A_TLS_8h	244566
19	0	107347B_TLS_0h_no4sU	409644
19	0	107349B_TLS_1h	324828
19	0	107351B_TLS_2h	335479
19	0	107353B_TLS_4h	306642
19	0	107355B_TLS_8h	190694
52	1	107317A_TLS_0h_no4sU	8
52	1	107319A_TLS_1h	24
52	1	107321A_TLS_2h	37
52	1	107323A_TLS_4h	52
52	1	107325A_TLS_8h	43
52	1	107347B_TLS_0h_no4sU	7
52	1	107349B_TLS_1h	18
52	1	107351B_TLS_2h	37
52	1	107353B_TLS_4h	55
52	1	107355B_TLS_8h	44
19	1	107317A_TLS_0h_no4sU	3699
19	1	107319A_TLS_1h	10606
19	1	107321A_TLS_2h	32482
19	1	107323A_TLS_4h	45674
19	1	107325A_TLS_8h	70255
19	1	107347B_TLS_0h_no4sU	4029
19	1	107349B_TLS_1h	10576
19	1	107351B_TLS_2h	30772
19	1	107353B_TLS_4h	66361
19	1	107355B_TLS_8h	61940
52	2	107319A_TLS_1h	1
52	2	107321A_TLS_2h	13
52	2	107323A_TLS_4h	20
52	2	107325A_TLS_8h	22
52	2	107349B_TLS_1h	2
52	2	107351B_TLS_2h	10
52	2	107353B_TLS_4h	22
52	2	107355B_TLS_8h	20
19	2	107317A_TLS_0h_no4sU	30
19	2	107319A_TLS_1h	637
19	2	107321A_TLS_2h	4305
19	2	107323A_TLS_4h	8094
19	2	107325A_TLS_8h	14173
19	2	107347B_TLS_0h_no4sU	24
19	2	107349B_TLS_1h	958
19	2	107351B_TLS_2h	5509
19	2	107353B_TLS_4h	15784
19	2	107355B_TLS_8h	15230
52	3	107319A_TLS_1h	1
52	3	107321A_TLS_2h	8
52	3	107323A_TLS_4h	5
52	3	107325A_TLS_8h	8
52	3	107351B_TLS_2h	3
52	3	107353B_TLS_4h	17
52	3	107355B_TLS_8h	7
19	3	107319A_TLS_1h	44
19	3	107321A_TLS_2h	466
19	3	107323A_TLS_4h	1033
19	3	107325A_TLS_8h	2132
19	3	107349B_TLS_1h	94
19	3	107351B_TLS_2h	849
19	3	107353B_TLS_4h	2794
19	3	107355B_TLS_8h	2753
52	4	107321A_TLS_2h	5
52	4	107323A_TLS_4h	3
52	4	107325A_TLS_8h	2
52	4	107351B_TLS_2h	1
52	4	107353B_TLS_4h	10
52	4	107355B_TLS_8h	2
19	4	107319A_TLS_1h	5
19	4	107321A_TLS_2h	44
19	4	107323A_TLS_4h	115
19	4	107325A_TLS_8h	219
19	4	107349B_TLS_1h	6
19	4	107351B_TLS_2h	99
19	4	107353B_TLS_4h	393
19	4	107355B_TLS_8h	306
52	5	107325A_TLS_8h	2
52	5	107353B_TLS_4h	1
19	5	107321A_TLS_2h	2
19	5	107323A_TLS_4h	2
19	5	107325A_TLS_8h	5
19	5	107351B_TLS_2h	3
19	5	107353B_TLS_4h	10
19	5	107355B_TLS_8h	8
69	0	107319A_TLS_1h	1
69	0	107349B_TLS_1h	1
69	0	107353B_TLS_4h	1
36	0	107317A_TLS_0h_no4sU	31115
36	0	107319A_TLS_1h	28526
36	0	107321A_TLS_2h	23068
36	0	107323A_TLS_4h	14476
36	0	107325A_TLS_8h	10750
36	0	107347B_TLS_0h_no4sU	29319
36	0	107349B_TLS_1h	23310
36	0	107351B_TLS_2h	19435
36	0	107353B_TLS_4h	16057
36	0	107355B_TLS_8h	8710
69	1	107353B_TLS_4h	1
3	0	107317A_TLS_0h_no4sU	473790
3	0	107319A_TLS_1h	402219
3	0	107321A_TLS_2h	478905
3	0	107323A_TLS_4h	405279
3	0	107325A_TLS_8h	409134
3	0	107347B_TLS_0h_no4sU	474899
3	0	107349B_TLS_1h	403667
3	0	107351B_TLS_2h	488783
3	0	107353B_TLS_4h	475987
3	0	107355B_TLS_8h	414816
36	1	107317A_TLS_0h_no4sU	394
36	1	107319A_TLS_1h	1754
36	1	107321A_TLS_2h	4218
36	1	107323A_TLS_4h	4945
36	1	107325A_TLS_8h	6022
36	1	107347B_TLS_0h_no4sU	402
36	1	107349B_TLS_1h	1589
36	1	107351B_TLS_2h	3279
36	1	107353B_TLS_4h	6345
36	1	107355B_TLS_8h	5529
3	1	107317A_TLS_0h_no4sU	552
3	1	107319A_TLS_1h	1436
3	1	107321A_TLS_2h	5793
3	1	107323A_TLS_4h	9936
3	1	107325A_TLS_8h	15645
3	1	107347B_TLS_0h_no4sU	560
3	1	107349B_TLS_1h	1743
3	1	107351B_TLS_2h	6454
3	1	107353B_TLS_4h	15148
3	1	107355B_TLS_8h	18421
36	2	107317A_TLS_0h_no4sU	3
36	2	107319A_TLS_1h	239
36	2	107321A_TLS_2h	1053
36	2	107323A_TLS_4h	1571
36	2	107325A_TLS_8h	2274
36	2	107347B_TLS_0h_no4sU	3
36	2	107349B_TLS_1h	306
36	2	107351B_TLS_2h	1077
36	2	107353B_TLS_4h	2632
36	2	107355B_TLS_8h	2566
36	3	107317A_TLS_0h_no4sU	2
36	3	107319A_TLS_1h	40
36	3	107321A_TLS_2h	230
36	3	107323A_TLS_4h	401
36	3	107325A_TLS_8h	619
36	3	107349B_TLS_1h	62
36	3	107351B_TLS_2h	312
36	3	107353B_TLS_4h	941
36	3	107355B_TLS_8h	948
3	2	107317A_TLS_0h_no4sU	2
3	2	107319A_TLS_1h	13
3	2	107321A_TLS_2h	58
3	2	107323A_TLS_4h	137
3	2	107325A_TLS_8h	285
3	2	107347B_TLS_0h_no4sU	2
3	2	107349B_TLS_1h	9
3	2	107351B_TLS_2h	88
3	2	107353B_TLS_4h	285
3	2	107355B_TLS_8h	356
36	4	107319A_TLS_1h	4
36	4	107321A_TLS_2h	32
36	4	107323A_TLS_4h	89
36	4	107325A_TLS_8h	164
36	4	107349B_TLS_1h	9
36	4	107351B_TLS_2h	75
36	4	107353B_TLS_4h	289
36	4	107355B_TLS_8h	268
3	3	107323A_TLS_4h	2
3	3	107325A_TLS_8h	1
3	3	107351B_TLS_2h	1
3	3	107353B_TLS_4h	2
3	3	107355B_TLS_8h	1
36	5	107319A_TLS_1h	2
36	5	107321A_TLS_2h	3
36	5	107323A_TLS_4h	7
36	5	107325A_TLS_8h	7
36	5	107349B_TLS_1h	1
36	5	107351B_TLS_2h	3
36	5	107353B_TLS_4h	23
36	5	107355B_TLS_8h	21
53	0	107317A_TLS_0h_no4sU	168
53	0	107319A_TLS_1h	135
53	0	107321A_TLS_2h	85
53	0	107323A_TLS_4h	75
53	0	107325A_TLS_8h	35
53	0	107347B_TLS_0h_no4sU	141
53	0	107349B_TLS_1h	147
53	0	107351B_TLS_2h	100
53	0	107353B_TLS_4h	64
53	0	107355B_TLS_8h	43
20	0	107317A_TLS_0h_no4sU	366796
20	0	107319A_TLS_1h	325517
20	0	107321A_TLS_2h	321242
20	0	107323A_TLS_4h	230341
20	0	107325A_TLS_8h	219057
20	0	107347B_TLS_0h_no4sU	377071
20	0	107349B_TLS_1h	295700
20	0	107351B_TLS_2h	303313
20	0	107353B_TLS_4h	275826
20	0	107355B_TLS_8h	169042
53	1	107317A_TLS_0h_no4sU	5
53	1	107319A_TLS_1h	16
53	1	107321A_TLS_2h	25
53	1	107323A_TLS_4h	35
53	1	107325A_TLS_8h	26
53	1	107347B_TLS_0h_no4sU	7
53	1	107349B_TLS_1h	14
53	1	107351B_TLS_2h	19
53	1	107353B_TLS_4h	38
53	1	107355B_TLS_8h	40
20	1	107317A_TLS_0h_no4sU	3361
20	1	107319A_TLS_1h	10258
20	1	107321A_TLS_2h	31027
20	1	107323A_TLS_4h	43455
20	1	107325A_TLS_8h	66250
20	1	107347B_TLS_0h_no4sU	3636
20	1	107349B_TLS_1h	10157
20	1	107351B_TLS_2h	29093
20	1	107353B_TLS_4h	62111
20	1	107355B_TLS_8h	57085
53	2	107317A_TLS_0h_no4sU	1
53	2	107319A_TLS_1h	5
53	2	107321A_TLS_2h	11
53	2	107323A_TLS_4h	9
53	2	107325A_TLS_8h	11
53	2	107349B_TLS_1h	3
53	2	107351B_TLS_2h	10
53	2	107353B_TLS_4h	24
53	2	107355B_TLS_8h	23
20	2	107317A_TLS_0h_no4sU	27
20	2	107319A_TLS_1h	623
20	2	107321A_TLS_2h	4254
20	2	107323A_TLS_4h	7963
20	2	107325A_TLS_8h	14148
20	2	107347B_TLS_0h_no4sU	28
20	2	107349B_TLS_1h	953
20	2	107351B_TLS_2h	5561
20	2	107353B_TLS_4h	15695
20	2	107355B_TLS_8h	15137
53	3	107321A_TLS_2h	2
53	3	107323A_TLS_4h	4
53	3	107325A_TLS_8h	5
53	3	107349B_TLS_1h	1
53	3	107351B_TLS_2h	6
53	3	107353B_TLS_4h	8
53	3	107355B_TLS_8h	6
20	3	107319A_TLS_1h	37
20	3	107321A_TLS_2h	529
20	3	107323A_TLS_4h	1131
20	3	107325A_TLS_8h	2255
20	3	107349B_TLS_1h	122
20	3	107351B_TLS_2h	925
20	3	107353B_TLS_4h	2986
20	3	107355B_TLS_8h	2839
53	4	107319A_TLS_1h	1
53	4	107321A_TLS_2h	1
53	4	107325A_TLS_8h	1
53	4	107351B_TLS_2h	1
53	4	107353B_TLS_4h	4
53	4	107355B_TLS_8h	2
20	4	107319A_TLS_1h	3
20	4	107321A_TLS_2h	53
20	4	107323A_TLS_4h	137
20	4	107325A_TLS_8h	289
20	4	107349B_TLS_1h	8
20	4	107351B_TLS_2h	103
20	4	107353B_TLS_4h	416
20	4	107355B_TLS_8h	389
53	5	107321A_TLS_2h	1
20	5	107321A_TLS_2h	1
20	5	107323A_TLS_4h	5
20	5	107325A_TLS_8h	7
20	5	107351B_TLS_2h	3
20	5	107353B_TLS_4h	7
20	5	107355B_TLS_8h	4
70	0	107347B_TLS_0h_no4sU	1
37	0	107317A_TLS_0h_no4sU	24814
37	0	107319A_TLS_1h	22751
37	0	107321A_TLS_2h	18194
37	0	107323A_TLS_4h	11416
37	0	107325A_TLS_8h	8350
37	0	107347B_TLS_0h_no4sU	23479
37	0	107349B_TLS_1h	18513
37	0	107351B_TLS_2h	15327
37	0	107353B_TLS_4h	12516
37	0	107355B_TLS_8h	6906
4	0	107317A_TLS_0h_no4sU	494649
4	0	107319A_TLS_1h	420567
4	0	107321A_TLS_2h	495742
4	0	107323A_TLS_4h	416211
4	0	107325A_TLS_8h	418177
4	0	107347B_TLS_0h_no4sU	497397
4	0	107349B_TLS_1h	420210
4	0	107351B_TLS_2h	506605
4	0	107353B_TLS_4h	490964
4	0	107355B_TLS_8h	417912
37	1	107317A_TLS_0h_no4sU	307
37	1	107319A_TLS_1h	1441
37	1	107321A_TLS_2h	3229
37	1	107323A_TLS_4h	3920
37	1	107325A_TLS_8h	4847
37	1	107347B_TLS_0h_no4sU	313
37	1	107349B_TLS_1h	1233
37	1	107351B_TLS_2h	2459
37	1	107353B_TLS_4h	4918
37	1	107355B_TLS_8h	4321
4	1	107317A_TLS_0h_no4sU	952
4	1	107319A_TLS_1h	2167
4	1	107321A_TLS_2h	8782
4	1	107323A_TLS_4h	14675
4	1	107325A_TLS_8h	23116
4	1	107347B_TLS_0h_no4sU	884
4	1	107349B_TLS_1h	2549
4	1	107351B_TLS_2h	9503
4	1	107353B_TLS_4h	22101
4	1	107355B_TLS_8h	26449
37	2	107317A_TLS_0h_no4sU	10
37	2	107319A_TLS_1h	189
37	2	107321A_TLS_2h	786
37	2	107323A_TLS_4h	1312
37	2	107325A_TLS_8h	1832
37	2	107347B_TLS_0h_no4sU	3
37	2	107349B_TLS_1h	264
37	2	107351B_TLS_2h	892
37	2	107353B_TLS_4h	2262
37	2	107355B_TLS_8h	2023
4	2	107319A_TLS_1h	13
4	2	107321A_TLS_2h	179
4	2	107323A_TLS_4h	377
4	2	107325A_TLS_8h	660
4	2	107347B_TLS_0h_no4sU	4
4	2	107349B_TLS_1h	30
4	2	107351B_TLS_2h	246
4	2	107353B_TLS_4h	753
4	2	107355B_TLS_8h	861
37	3	107317A_TLS_0h_no4sU	1
37	3	107319A_TLS_1h	27
37	3	107321A_TLS_2h	170
37	3	107323A_TLS_4h	332
37	3	107325A_TLS_8h	570
37	3	107349B_TLS_1h	48
37	3	107351B_TLS_2h	266
37	3	107353B_TLS_4h	748
37	3	107355B_TLS_8h	719
70	4	107323A_TLS_4h	1
37	4	107319A_TLS_1h	5
37	4	107321A_TLS_2h	30
37	4	107323A_TLS_4h	70
37	4	107325A_TLS_8h	131
37	4	107349B_TLS_1h	17
37	4	107351B_TLS_2h	62
37	4	107353B_TLS_4h	226
37	4	107355B_TLS_8h	207
4	3	107321A_TLS_2h	3
4	3	107323A_TLS_4h	2
4	3	107325A_TLS_8h	5
4	3	107351B_TLS_2h	2
4	3	107353B_TLS_4h	8
4	3	107355B_TLS_8h	10
37	5	107321A_TLS_2h	3
37	5	107323A_TLS_4h	4
37	5	107325A_TLS_8h	7
37	5	107349B_TLS_1h	1
37	5	107351B_TLS_2h	2
37	5	107353B_TLS_4h	21
37	5	107355B_TLS_8h	9
54	0	107317A_TLS_0h_no4sU	99
54	0	107319A_TLS_1h	106
54	0	107321A_TLS_2h	88
54	0	107323A_TLS_4h	54
54	0	107325A_TLS_8h	34
54	0	107347B_TLS_0h_no4sU	101
54	0	107349B_TLS_1h	108
54	0	107351B_TLS_2h	68
54	0	107353B_TLS_4h	61
54	0	107355B_TLS_8h	28
21	0	107317A_TLS_0h_no4sU	332080
21	0	107319A_TLS_1h	294978
21	0	107321A_TLS_2h	288112
21	0	107323A_TLS_4h	204822
21	0	107325A_TLS_8h	193383
21	0	107347B_TLS_0h_no4sU	340199
21	0	107349B_TLS_1h	268216
21	0	107351B_TLS_2h	270702
21	0	107353B_TLS_4h	244834
21	0	107355B_TLS_8h	147951
54	1	107317A_TLS_0h_no4sU	2
54	1	107319A_TLS_1h	9
54	1	107321A_TLS_2h	10
54	1	107323A_TLS_4h	22
54	1	107325A_TLS_8h	24
54	1	107347B_TLS_0h_no4sU	3
54	1	107349B_TLS_1h	17
54	1	107351B_TLS_2h	20
54	1	107353B_TLS_4h	27
54	1	107355B_TLS_8h	21
21	1	107317A_TLS_0h_no4sU	3285
21	1	107319A_TLS_1h	9758
21	1	107321A_TLS_2h	29326
21	1	107323A_TLS_4h	40390
21	1	107325A_TLS_8h	61740
21	1	107347B_TLS_0h_no4sU	3435
21	1	107349B_TLS_1h	9678
21	1	107351B_TLS_2h	27248
21	1	107353B_TLS_4h	57988
21	1	107355B_TLS_8h	53315
54	2	107319A_TLS_1h	1
54	2	107321A_TLS_2h	10
54	2	107323A_TLS_4h	17
54	2	107325A_TLS_8h	17
54	2	107349B_TLS_1h	4
54	2	107351B_TLS_2h	5
54	2	107353B_TLS_4h	9
54	2	107355B_TLS_8h	19
21	2	107317A_TLS_0h_no4sU	14
21	2	107319A_TLS_1h	689
21	2	107321A_TLS_2h	4290
21	2	107323A_TLS_4h	7867
21	2	107325A_TLS_8h	14039
21	2	107347B_TLS_0h_no4sU	28
21	2	107349B_TLS_1h	1071
21	2	107351B_TLS_2h	5545
21	2	107353B_TLS_4h	15189
21	2	107355B_TLS_8h	14258
54	3	107323A_TLS_4h	9
54	3	107325A_TLS_8h	11
54	3	107351B_TLS_2h	2
54	3	107353B_TLS_4h	10
54	3	107355B_TLS_8h	8
21	3	107319A_TLS_1h	64
21	3	107321A_TLS_2h	573
21	3	107323A_TLS_4h	1211
21	3	107325A_TLS_8h	2388
21	3	107347B_TLS_0h_no4sU	1
21	3	107349B_TLS_1h	136
21	3	107351B_TLS_2h	935
21	3	107353B_TLS_4h	3142
21	3	107355B_TLS_8h	2996
54	4	107321A_TLS_2h	1
54	4	107349B_TLS_1h	2
54	4	107355B_TLS_8h	3
21	4	107319A_TLS_1h	2
21	4	107321A_TLS_2h	51
21	4	107323A_TLS_4h	130
21	4	107325A_TLS_8h	297
21	4	107349B_TLS_1h	10
21	4	107351B_TLS_2h	135
21	4	107353B_TLS_4h	459
21	4	107355B_TLS_8h	429
54	5	107353B_TLS_4h	1
21	5	107323A_TLS_4h	4
21	5	107325A_TLS_8h	6
21	5	107351B_TLS_2h	1
21	5	107353B_TLS_4h	13
21	5	107355B_TLS_8h	12
71	0	107351B_TLS_2h	1
38	0	107317A_TLS_0h_no4sU	19483
38	0	107319A_TLS_1h	18044
38	0	107321A_TLS_2h	14236
38	0	107323A_TLS_4h	9021
38	0	107325A_TLS_8h	6313
38	0	107347B_TLS_0h_no4sU	18081
38	0	107349B_TLS_1h	14697
38	0	107351B_TLS_2h	12034
38	0	107353B_TLS_4h	9699
38	0	107355B_TLS_8h	5118
71	1	107319A_TLS_1h	1
5	0	107317A_TLS_0h_no4sU	516097
5	0	107319A_TLS_1h	440070
5	0	107321A_TLS_2h	511923
5	0	107323A_TLS_4h	427527
5	0	107325A_TLS_8h	427754
5	0	107347B_TLS_0h_no4sU	521049
5	0	107349B_TLS_1h	437778
5	0	107351B_TLS_2h	521491
5	0	107353B_TLS_4h	505127
5	0	107355B_TLS_8h	422267
38	1	107317A_TLS_0h_no4sU	269
38	1	107319A_TLS_1h	1149
38	1	107321A_TLS_2h	2522
38	1	107323A_TLS_4h	3104
38	1	107325A_TLS_8h	3572
38	1	107347B_TLS_0h_no4sU	263
38	1	107349B_TLS_1h	995
38	1	107351B_TLS_2h	2047
38	1	107353B_TLS_4h	3807
38	1	107355B_TLS_8h	3394
5	1	107317A_TLS_0h_no4sU	1249
5	1	107319A_TLS_1h	3102
5	1	107321A_TLS_2h	12011
5	1	107323A_TLS_4h	19526
5	1	107325A_TLS_8h	31035
5	1	107347B_TLS_0h_no4sU	1337
5	1	107349B_TLS_1h	3426
5	1	107351B_TLS_2h	12734
5	1	107353B_TLS_4h	29341
5	1	107355B_TLS_8h	35042
38	2	107317A_TLS_0h_no4sU	5
38	2	107319A_TLS_1h	167
38	2	107321A_TLS_2h	696
38	2	107323A_TLS_4h	1085
38	2	107325A_TLS_8h	1495
38	2	107347B_TLS_0h_no4sU	7
38	2	107349B_TLS_1h	216
38	2	107351B_TLS_2h	712
38	2	107353B_TLS_4h	1777
38	2	107355B_TLS_8h	1680
38	3	107317A_TLS_0h_no4sU	1
38	3	107319A_TLS_1h	15
38	3	107321A_TLS_2h	148
38	3	107323A_TLS_4h	292
38	3	107325A_TLS_8h	422
38	3	107349B_TLS_1h	51
38	3	107351B_TLS_2h	214
38	3	107353B_TLS_4h	640
38	3	107355B_TLS_8h	609
5	2	107317A_TLS_0h_no4sU	1
5	2	107319A_TLS_1h	30
5	2	107321A_TLS_2h	303
5	2	107323A_TLS_4h	628
5	2	107325A_TLS_8h	1211
5	2	107347B_TLS_0h_no4sU	2
5	2	107349B_TLS_1h	62
5	2	107351B_TLS_2h	478
5	2	107353B_TLS_4h	1311
5	2	107355B_TLS_8h	1549
38	4	107319A_TLS_1h	2
38	4	107321A_TLS_2h	27
38	4	107323A_TLS_4h	59
38	4	107325A_TLS_8h	97
38	4	107349B_TLS_1h	6
38	4	107351B_TLS_2h	51
38	4	107353B_TLS_4h	187
38	4	107355B_TLS_8h	165
5	3	107321A_TLS_2h	7
5	3	107323A_TLS_4h	10
5	3	107325A_TLS_8h	28
5	3	107349B_TLS_1h	1
5	3	107351B_TLS_2h	6
5	3	107353B_TLS_4h	20
5	3	107355B_TLS_8h	42
38	5	107321A_TLS_2h	2
38	5	107323A_TLS_4h	4
38	5	107325A_TLS_8h	4
38	5	107351B_TLS_2h	4
38	5	107353B_TLS_4h	11
38	5	107355B_TLS_8h	9
55	0	107317A_TLS_0h_no4sU	107
55	0	107319A_TLS_1h	87
55	0	107321A_TLS_2h	71
55	0	107323A_TLS_4h	49
55	0	107325A_TLS_8h	24
55	0	107347B_TLS_0h_no4sU	80
55	0	107349B_TLS_1h	88
55	0	107351B_TLS_2h	61
55	0	107353B_TLS_4h	41
55	0	107355B_TLS_8h	23
22	0	107317A_TLS_0h_no4sU	295938
22	0	107319A_TLS_1h	264500
22	0	107321A_TLS_2h	255648
22	0	107323A_TLS_4h	178655
22	0	107325A_TLS_8h	168137
22	0	107347B_TLS_0h_no4sU	302976
22	0	107349B_TLS_1h	237884
22	0	107351B_TLS_2h	239044
22	0	107353B_TLS_4h	213000
22	0	107355B_TLS_8h	126938
55	1	107317A_TLS_0h_no4sU	2
55	1	107319A_TLS_1h	6
55	1	107321A_TLS_2h	9
55	1	107323A_TLS_4h	14
55	1	107325A_TLS_8h	18
55	1	107349B_TLS_1h	5
55	1	107351B_TLS_2h	10
55	1	107353B_TLS_4h	31
55	1	107355B_TLS_8h	15
22	1	107317A_TLS_0h_no4sU	2974
22	1	107319A_TLS_1h	9503
22	1	107321A_TLS_2h	27747
22	1	107323A_TLS_4h	37399
22	1	107325A_TLS_8h	56587
22	1	107347B_TLS_0h_no4sU	3313
22	1	107349B_TLS_1h	9429
22	1	107351B_TLS_2h	25290
22	1	107353B_TLS_4h	53155
22	1	107355B_TLS_8h	48074
55	2	107319A_TLS_1h	1
55	2	107321A_TLS_2h	4
55	2	107323A_TLS_4h	11
55	2	107325A_TLS_8h	10
55	2	107349B_TLS_1h	4
55	2	107351B_TLS_2h	5
55	2	107353B_TLS_4h	18
55	2	107355B_TLS_8h	17
22	2	107317A_TLS_0h_no4sU	12
22	2	107319A_TLS_1h	700
22	2	107321A_TLS_2h	4220
22	2	107323A_TLS_4h	7664
22	2	107325A_TLS_8h	13133
22	2	107347B_TLS_0h_no4sU	28
22	2	107349B_TLS_1h	1069
22	2	107351B_TLS_2h	5464
22	2	107353B_TLS_4h	14927
22	2	107355B_TLS_8h	13594
55	3	107319A_TLS_1h	1
55	3	107321A_TLS_2h	1
55	3	107323A_TLS_4h	1
55	3	107325A_TLS_8h	3
55	3	107349B_TLS_1h	1
55	3	107351B_TLS_2h	3
55	3	107353B_TLS_4h	7
55	3	107355B_TLS_8h	7
22	3	107319A_TLS_1h	45
22	3	107321A_TLS_2h	579
22	3	107323A_TLS_4h	1257
22	3	107325A_TLS_8h	2368
22	3	107347B_TLS_0h_no4sU	1
22	3	107349B_TLS_1h	142
22	3	107351B_TLS_2h	996
22	3	107353B_TLS_4h	3172
22	3	107355B_TLS_8h	2883
55	4	107319A_TLS_1h	1
55	4	107323A_TLS_4h	1
55	4	107351B_TLS_2h	1
55	4	107353B_TLS_4h	3
55	4	107355B_TLS_8h	4
22	4	107319A_TLS_1h	9
22	4	107321A_TLS_2h	64
22	4	107323A_TLS_4h	175
22	4	107325A_TLS_8h	355
22	4	107349B_TLS_1h	18
22	4	107351B_TLS_2h	134
22	4	107353B_TLS_4h	519
22	4	107355B_TLS_8h	460
22	5	107321A_TLS_2h	2
22	5	107323A_TLS_4h	4
22	5	107325A_TLS_8h	9
22	5	107351B_TLS_2h	5
22	5	107353B_TLS_4h	13
22	5	107355B_TLS_8h	20
39	0	107317A_TLS_0h_no4sU	15163
39	0	107319A_TLS_1h	14195
39	0	107321A_TLS_2h	10841
39	0	107323A_TLS_4h	7000
39	0	107325A_TLS_8h	4746
39	0	107347B_TLS_0h_no4sU	13955
39	0	107349B_TLS_1h	11252
39	0	107351B_TLS_2h	9236
39	0	107353B_TLS_4h	7515
39	0	107355B_TLS_8h	4033
6	0	107317A_TLS_0h_no4sU	532562
6	0	107319A_TLS_1h	455941
6	0	107321A_TLS_2h	525845
6	0	107323A_TLS_4h	435361
6	0	107325A_TLS_8h	433019
6	0	107347B_TLS_0h_no4sU	538836
6	0	107349B_TLS_1h	451434
6	0	107351B_TLS_2h	534231
6	0	107353B_TLS_4h	514974
6	0	107355B_TLS_8h	421010
39	1	107317A_TLS_0h_no4sU	216
39	1	107319A_TLS_1h	893
39	1	107321A_TLS_2h	2000
39	1	107323A_TLS_4h	2550
39	1	107325A_TLS_8h	2720
39	1	107347B_TLS_0h_no4sU	196
39	1	107349B_TLS_1h	823
39	1	107351B_TLS_2h	1567
39	1	107353B_TLS_4h	3002
39	1	107355B_TLS_8h	2681
6	1	107317A_TLS_0h_no4sU	1629
6	1	107319A_TLS_1h	3897
6	1	107321A_TLS_2h	14955
6	1	107323A_TLS_4h	24743
6	1	107325A_TLS_8h	38022
6	1	107347B_TLS_0h_no4sU	1619
6	1	107349B_TLS_1h	4506
6	1	107351B_TLS_2h	15895
6	1	107353B_TLS_4h	37172
6	1	107355B_TLS_8h	42604
39	2	107317A_TLS_0h_no4sU	1
39	2	107319A_TLS_1h	139
39	2	107321A_TLS_2h	532
39	2	107323A_TLS_4h	804
39	2	107325A_TLS_8h	1074
39	2	107347B_TLS_0h_no4sU	5
39	2	107349B_TLS_1h	161
39	2	107351B_TLS_2h	512
39	2	107353B_TLS_4h	1349
39	2	107355B_TLS_8h	1291
6	2	107317A_TLS_0h_no4sU	2
6	2	107319A_TLS_1h	70
6	2	107321A_TLS_2h	468
6	2	107323A_TLS_4h	1070
6	2	107325A_TLS_8h	1911
6	2	107347B_TLS_0h_no4sU	3
6	2	107349B_TLS_1h	95
6	2	107351B_TLS_2h	719
6	2	107353B_TLS_4h	2160
6	2	107355B_TLS_8h	2473
39	3	107317A_TLS_0h_no4sU	1
39	3	107319A_TLS_1h	13
39	3	107321A_TLS_2h	126
39	3	107323A_TLS_4h	218
39	3	107325A_TLS_8h	343
39	3	107347B_TLS_0h_no4sU	1
39	3	107349B_TLS_1h	38
39	3	107351B_TLS_2h	152
39	3	107353B_TLS_4h	502
39	3	107355B_TLS_8h	472
6	3	107319A_TLS_1h	2
6	3	107321A_TLS_2h	11
6	3	107323A_TLS_4h	40
6	3	107325A_TLS_8h	67
6	3	107349B_TLS_1h	2
6	3	107351B_TLS_2h	20
6	3	107353B_TLS_4h	52
6	3	107355B_TLS_8h	87
39	4	107319A_TLS_1h	6
39	4	107321A_TLS_2h	28
39	4	107323A_TLS_4h	52
39	4	107325A_TLS_8h	93
39	4	107349B_TLS_1h	6
39	4	107351B_TLS_2h	39
39	4	107353B_TLS_4h	136
39	4	107355B_TLS_8h	125
39	5	107321A_TLS_2h	2
39	5	107323A_TLS_4h	6
39	5	107325A_TLS_8h	6
39	5	107351B_TLS_2h	5
39	5	107353B_TLS_4h	15
39	5	107355B_TLS_8h	10
6	4	107321A_TLS_2h	2
6	4	107325A_TLS_8h	1
6	4	107351B_TLS_2h	1
6	4	107353B_TLS_4h	1
6	4	107355B_TLS_8h	0
56	0	107317A_TLS_0h_no4sU	67
56	0	107319A_TLS_1h	53
56	0	107321A_TLS_2h	37
56	0	107323A_TLS_4h	27
56	0	107325A_TLS_8h	15
56	0	107347B_TLS_0h_no4sU	56
56	0	107349B_TLS_1h	50
56	0	107351B_TLS_2h	51
56	0	107353B_TLS_4h	30
56	0	107355B_TLS_8h	11
23	0	107317A_TLS_0h_no4sU	261206
23	0	107319A_TLS_1h	235262
23	0	107321A_TLS_2h	224725
23	0	107323A_TLS_4h	155535
23	0	107325A_TLS_8h	144642
23	0	107347B_TLS_0h_no4sU	268434
23	0	107349B_TLS_1h	210528
23	0	107351B_TLS_2h	209082
23	0	107353B_TLS_4h	186374
23	0	107355B_TLS_8h	109028
56	1	107317A_TLS_0h_no4sU	2
56	1	107319A_TLS_1h	8
56	1	107321A_TLS_2h	3
56	1	107323A_TLS_4h	12
56	1	107325A_TLS_8h	11
56	1	107347B_TLS_0h_no4sU	1
56	1	107349B_TLS_1h	8
56	1	107351B_TLS_2h	4
56	1	107353B_TLS_4h	10
56	1	107355B_TLS_8h	15
23	1	107317A_TLS_0h_no4sU	2581
23	1	107319A_TLS_1h	8813
23	1	107321A_TLS_2h	25489
23	1	107323A_TLS_4h	34124
23	1	107325A_TLS_8h	51077
23	1	107347B_TLS_0h_no4sU	2810
23	1	107349B_TLS_1h	8645
23	1	107351B_TLS_2h	23199
23	1	107353B_TLS_4h	48455
23	1	107355B_TLS_8h	43490
56	2	107321A_TLS_2h	2
56	2	107323A_TLS_4h	3
56	2	107325A_TLS_8h	12
56	2	107349B_TLS_1h	2
56	2	107351B_TLS_2h	6
56	2	107353B_TLS_4h	7
56	2	107355B_TLS_8h	6
23	2	107317A_TLS_0h_no4sU	18
23	2	107319A_TLS_1h	671
23	2	107321A_TLS_2h	4056
23	2	107323A_TLS_4h	7253
23	2	107325A_TLS_8h	12599
23	2	107347B_TLS_0h_no4sU	29
23	2	107349B_TLS_1h	1021
23	2	107351B_TLS_2h	5165
23	2	107353B_TLS_4h	14233
23	2	107355B_TLS_8h	13015
56	3	107321A_TLS_2h	1
56	3	107323A_TLS_4h	4
56	3	107325A_TLS_8h	4
56	3	107351B_TLS_2h	3
56	3	107353B_TLS_4h	1
56	3	107355B_TLS_8h	6
23	3	107317A_TLS_0h_no4sU	1
23	3	107319A_TLS_1h	54
23	3	107321A_TLS_2h	587
23	3	107323A_TLS_4h	1164
23	3	107325A_TLS_8h	2368
23	3	107349B_TLS_1h	128
23	3	107351B_TLS_2h	993
23	3	107353B_TLS_4h	3218
23	3	107355B_TLS_8h	3001
56	4	107325A_TLS_8h	1
56	4	107351B_TLS_2h	1
56	4	107353B_TLS_4h	4
56	4	107355B_TLS_8h	1
23	4	107319A_TLS_1h	7
23	4	107321A_TLS_2h	49
23	4	107323A_TLS_4h	172
23	4	107325A_TLS_8h	309
23	4	107349B_TLS_1h	12
23	4	107351B_TLS_2h	136
23	4	107353B_TLS_4h	506
23	4	107355B_TLS_8h	492
23	5	107321A_TLS_2h	2
23	5	107323A_TLS_4h	7
23	5	107325A_TLS_8h	9
23	5	107351B_TLS_2h	3
23	5	107353B_TLS_4h	20
23	5	107355B_TLS_8h	13
23	6	107353B_TLS_4h	1
23	6	107355B_TLS_8h	1
40	0	107317A_TLS_0h_no4sU	11938
40	0	107319A_TLS_1h	10658
40	0	107321A_TLS_2h	8354
40	0	107323A_TLS_4h	5285
40	0	107325A_TLS_8h	3576
40	0	107347B_TLS_0h_no4sU	10668
40	0	107349B_TLS_1h	8699
40	0	107351B_TLS_2h	6876
40	0	107353B_TLS_4h	5713
40	0	107355B_TLS_8h	3064
7	0	107317A_TLS_0h_no4sU	545412
7	0	107319A_TLS_1h	468408
7	0	107321A_TLS_2h	534795
7	0	107323A_TLS_4h	439458
7	0	107325A_TLS_8h	435358
7	0	107347B_TLS_0h_no4sU	555055
7	0	107349B_TLS_1h	463596
7	0	107351B_TLS_2h	540837
7	0	107353B_TLS_4h	519934
7	0	107355B_TLS_8h	416922
40	1	107317A_TLS_0h_no4sU	160
40	1	107319A_TLS_1h	711
40	1	107321A_TLS_2h	1466
40	1	107323A_TLS_4h	1914
40	1	107325A_TLS_8h	2104
40	1	107347B_TLS_0h_no4sU	173
40	1	107349B_TLS_1h	605
40	1	107351B_TLS_2h	1211
40	1	107353B_TLS_4h	2204
40	1	107355B_TLS_8h	2071
73	2	107319A_TLS_1h	1
7	1	107317A_TLS_0h_no4sU	2065
7	1	107319A_TLS_1h	4803
7	1	107321A_TLS_2h	18182
7	1	107323A_TLS_4h	29190
7	1	107325A_TLS_8h	45565
7	1	107347B_TLS_0h_no4sU	2144
7	1	107349B_TLS_1h	5447
7	1	107351B_TLS_2h	19085
7	1	107353B_TLS_4h	44167
7	1	107355B_TLS_8h	49957
40	2	107317A_TLS_0h_no4sU	2
40	2	107319A_TLS_1h	118
40	2	107321A_TLS_2h	420
40	2	107323A_TLS_4h	681
40	2	107325A_TLS_8h	858
40	2	107347B_TLS_0h_no4sU	4
40	2	107349B_TLS_1h	159
40	2	107351B_TLS_2h	430
40	2	107353B_TLS_4h	1112
40	2	107355B_TLS_8h	1045
7	2	107317A_TLS_0h_no4sU	13
7	2	107319A_TLS_1h	89
7	2	107321A_TLS_2h	716
7	2	107323A_TLS_4h	1471
7	2	107325A_TLS_8h	2961
7	2	107347B_TLS_0h_no4sU	4
7	2	107349B_TLS_1h	137
7	2	107351B_TLS_2h	1060
7	2	107353B_TLS_4h	3153
7	2	107355B_TLS_8h	3862
40	3	107319A_TLS_1h	18
40	3	107321A_TLS_2h	100
40	3	107323A_TLS_4h	186
40	3	107325A_TLS_8h	247
40	3	107349B_TLS_1h	34
40	3	107351B_TLS_2h	123
40	3	107353B_TLS_4h	410
40	3	107355B_TLS_8h	418
7	3	107319A_TLS_1h	3
7	3	107321A_TLS_2h	20
7	3	107323A_TLS_4h	43
7	3	107325A_TLS_8h	122
7	3	107349B_TLS_1h	4
7	3	107351B_TLS_2h	38
7	3	107353B_TLS_4h	150
7	3	107355B_TLS_8h	185
40	4	107319A_TLS_1h	3
40	4	107321A_TLS_2h	17
40	4	107323A_TLS_4h	32
40	4	107325A_TLS_8h	60
40	4	107349B_TLS_1h	9
40	4	107351B_TLS_2h	35
40	4	107353B_TLS_4h	101
40	4	107355B_TLS_8h	122
40	5	107321A_TLS_2h	1
40	5	107323A_TLS_4h	2
40	5	107325A_TLS_8h	2
40	5	107351B_TLS_2h	3
40	5	107353B_TLS_4h	8
40	5	107355B_TLS_8h	9
7	4	107323A_TLS_4h	1
7	4	107325A_TLS_8h	1
7	4	107351B_TLS_2h	1
7	4	107353B_TLS_4h	3
7	4	107355B_TLS_8h	6
40	6	107323A_TLS_4h	1
57	0	107317A_TLS_0h_no4sU	44
57	0	107319A_TLS_1h	32
57	0	107321A_TLS_2h	22
57	0	107323A_TLS_4h	16
57	0	107325A_TLS_8h	6
57	0	107347B_TLS_0h_no4sU	36
57	0	107349B_TLS_1h	29
57	0	107351B_TLS_2h	29
57	0	107353B_TLS_4h	16
57	0	107355B_TLS_8h	7
24	0	107317A_TLS_0h_no4sU	230046
24	0	107319A_TLS_1h	207527
24	0	107321A_TLS_2h	195940
24	0	107323A_TLS_4h	133952
24	0	107325A_TLS_8h	123570
24	0	107347B_TLS_0h_no4sU	235815
24	0	107349B_TLS_1h	184327
24	0	107351B_TLS_2h	182313
24	0	107353B_TLS_4h	160248
24	0	107355B_TLS_8h	93034
57	1	107317A_TLS_0h_no4sU	1
57	1	107319A_TLS_1h	2
57	1	107321A_TLS_2h	11
57	1	107323A_TLS_4h	8
57	1	107325A_TLS_8h	10
57	1	107347B_TLS_0h_no4sU	2
57	1	107349B_TLS_1h	2
57	1	107351B_TLS_2h	12
57	1	107353B_TLS_4h	5
57	1	107355B_TLS_8h	8
24	1	107317A_TLS_0h_no4sU	2325
24	1	107319A_TLS_1h	8220
24	1	107321A_TLS_2h	23377
24	1	107323A_TLS_4h	30875
24	1	107325A_TLS_8h	45732
24	1	107347B_TLS_0h_no4sU	2520
24	1	107349B_TLS_1h	7970
24	1	107351B_TLS_2h	21254
24	1	107353B_TLS_4h	43460
24	1	107355B_TLS_8h	38379
57	2	107321A_TLS_2h	2
57	2	107323A_TLS_4h	5
57	2	107325A_TLS_8h	7
57	2	107349B_TLS_1h	1
57	2	107351B_TLS_2h	5
57	2	107353B_TLS_4h	2
57	2	107355B_TLS_8h	2
24	2	107317A_TLS_0h_no4sU	14
24	2	107319A_TLS_1h	701
24	2	107321A_TLS_2h	4024
24	2	107323A_TLS_4h	6778
24	2	107325A_TLS_8h	11881
24	2	107347B_TLS_0h_no4sU	11
24	2	107349B_TLS_1h	963
24	2	107351B_TLS_2h	4889
24	2	107353B_TLS_4h	13389
24	2	107355B_TLS_8h	12471
57	3	107325A_TLS_8h	3
57	3	107349B_TLS_1h	1
57	3	107351B_TLS_2h	2
57	3	107353B_TLS_4h	6
57	3	107355B_TLS_8h	6
24	3	107317A_TLS_0h_no4sU	1
24	3	107319A_TLS_1h	63
24	3	107321A_TLS_2h	613
24	3	107323A_TLS_4h	1207
24	3	107325A_TLS_8h	2409
24	3	107347B_TLS_0h_no4sU	1
24	3	107349B_TLS_1h	130
24	3	107351B_TLS_2h	932
24	3	107353B_TLS_4h	3191
24	3	107355B_TLS_8h	2806
57	4	107321A_TLS_2h	1
57	4	107325A_TLS_8h	1
57	4	107349B_TLS_1h	1
24	4	107319A_TLS_1h	2
24	4	107321A_TLS_2h	76
24	4	107323A_TLS_4h	175
24	4	107325A_TLS_8h	343
24	4	107349B_TLS_1h	11
24	4	107351B_TLS_2h	157
24	4	107353B_TLS_4h	520
24	4	107355B_TLS_8h	512
24	5	107323A_TLS_4h	4
24	5	107325A_TLS_8h	11
24	5	107351B_TLS_2h	3
24	5	107353B_TLS_4h	20
24	5	107355B_TLS_8h	22
41	0	107317A_TLS_0h_no4sU	8981
41	0	107319A_TLS_1h	8251
41	0	107321A_TLS_2h	6404
41	0	107323A_TLS_4h	3925
41	0	107325A_TLS_8h	2677
41	0	107347B_TLS_0h_no4sU	7924
41	0	107349B_TLS_1h	6540
41	0	107351B_TLS_2h	5152
41	0	107353B_TLS_4h	4361
41	0	107355B_TLS_8h	2361
8	0	107317A_TLS_0h_no4sU	559041
8	0	107319A_TLS_1h	480846
8	0	107321A_TLS_2h	542835
8	0	107323A_TLS_4h	440227
8	0	107325A_TLS_8h	435034
8	0	107347B_TLS_0h_no4sU	570613
8	0	107349B_TLS_1h	470999
8	0	107351B_TLS_2h	546683
8	0	107353B_TLS_4h	524589
8	0	107355B_TLS_8h	410368
41	1	107317A_TLS_0h_no4sU	119
41	1	107319A_TLS_1h	546
41	1	107321A_TLS_2h	1201
41	1	107323A_TLS_4h	1424
41	1	107325A_TLS_8h	1551
41	1	107347B_TLS_0h_no4sU	99
41	1	107349B_TLS_1h	494
41	1	107351B_TLS_2h	861
41	1	107353B_TLS_4h	1764
41	1	107355B_TLS_8h	1585
8	1	107317A_TLS_0h_no4sU	2236
8	1	107319A_TLS_1h	5570
8	1	107321A_TLS_2h	21052
8	1	107323A_TLS_4h	34143
8	1	107325A_TLS_8h	52746
8	1	107347B_TLS_0h_no4sU	2345
8	1	107349B_TLS_1h	6262
8	1	107351B_TLS_2h	22140
8	1	107353B_TLS_4h	50833
8	1	107355B_TLS_8h	56567
41	2	107317A_TLS_0h_no4sU	3
41	2	107319A_TLS_1h	63
41	2	107321A_TLS_2h	332
41	2	107323A_TLS_4h	503
41	2	107325A_TLS_8h	648
41	2	107349B_TLS_1h	105
41	2	107351B_TLS_2h	310
41	2	107353B_TLS_4h	768
41	2	107355B_TLS_8h	830
8	2	107317A_TLS_0h_no4sU	10
8	2	107319A_TLS_1h	130
8	2	107321A_TLS_2h	933
8	2	107323A_TLS_4h	2169
8	2	107325A_TLS_8h	3894
8	2	107347B_TLS_0h_no4sU	7
8	2	107349B_TLS_1h	226
8	2	107351B_TLS_2h	1476
8	2	107353B_TLS_4h	4456
8	2	107355B_TLS_8h	4945
41	3	107319A_TLS_1h	14
41	3	107321A_TLS_2h	70
41	3	107323A_TLS_4h	147
41	3	107325A_TLS_8h	201
41	3	107349B_TLS_1h	17
41	3	107351B_TLS_2h	85
41	3	107353B_TLS_4h	298
41	3	107355B_TLS_8h	336
8	3	107319A_TLS_1h	1
8	3	107321A_TLS_2h	33
8	3	107323A_TLS_4h	110
8	3	107325A_TLS_8h	158
8	3	107349B_TLS_1h	3
8	3	107351B_TLS_2h	56
8	3	107353B_TLS_4h	246
8	3	107355B_TLS_8h	279
41	4	107319A_TLS_1h	5
41	4	107321A_TLS_2h	8
41	4	107323A_TLS_4h	40
41	4	107325A_TLS_8h	50
41	4	107349B_TLS_1h	6
41	4	107351B_TLS_2h	32
41	4	107353B_TLS_4h	108
41	4	107355B_TLS_8h	105
41	5	107325A_TLS_8h	4
41	5	107349B_TLS_1h	1
41	5	107351B_TLS_2h	3
41	5	107353B_TLS_4h	10
41	5	107355B_TLS_8h	7
8	4	107321A_TLS_2h	2
8	4	107323A_TLS_4h	1
8	4	107325A_TLS_8h	6
8	4	107351B_TLS_2h	2
8	4	107353B_TLS_4h	7
8	4	107355B_TLS_8h	8
58	0	107317A_TLS_0h_no4sU	27
58	0	107319A_TLS_1h	21
58	0	107321A_TLS_2h	19
58	0	107323A_TLS_4h	6
58	0	107325A_TLS_8h	3
58	0	107347B_TLS_0h_no4sU	25
58	0	107349B_TLS_1h	26
58	0	107351B_TLS_2h	17
58	0	107353B_TLS_4h	15
58	0	107355B_TLS_8h	5
25	0	107317A_TLS_0h_no4sU	200842
25	0	107319A_TLS_1h	182205
25	0	107321A_TLS_2h	170522
25	0	107323A_TLS_4h	115371
25	0	107325A_TLS_8h	105739
25	0	107347B_TLS_0h_no4sU	206896
25	0	107349B_TLS_1h	161177
25	0	107351B_TLS_2h	157259
25	0	107353B_TLS_4h	137129
25	0	107355B_TLS_8h	78908
58	1	107319A_TLS_1h	3
58	1	107321A_TLS_2h	5
58	1	107323A_TLS_4h	8
58	1	107325A_TLS_8h	8
58	1	107347B_TLS_0h_no4sU	1
58	1	107349B_TLS_1h	3
58	1	107351B_TLS_2h	6
58	1	107353B_TLS_4h	12
58	1	107355B_TLS_8h	7
25	1	107317A_TLS_0h_no4sU	2365
25	1	107319A_TLS_1h	7929
25	1	107321A_TLS_2h	21269
25	1	107323A_TLS_4h	27788
25	1	107325A_TLS_8h	40852
25	1	107347B_TLS_0h_no4sU	2476
25	1	107349B_TLS_1h	7401
25	1	107351B_TLS_2h	19173
25	1	107353B_TLS_4h	39133
25	1	107355B_TLS_8h	34150
58	2	107319A_TLS_1h	1
58	2	107321A_TLS_2h	1
58	2	107323A_TLS_4h	1
58	2	107325A_TLS_8h	3
58	2	107351B_TLS_2h	1
58	2	107353B_TLS_4h	1
58	2	107355B_TLS_8h	7
25	2	107317A_TLS_0h_no4sU	20
25	2	107319A_TLS_1h	685
25	2	107321A_TLS_2h	3803
25	2	107323A_TLS_4h	6627
25	2	107325A_TLS_8h	11056
25	2	107347B_TLS_0h_no4sU	24
25	2	107349B_TLS_1h	947
25	2	107351B_TLS_2h	4630
25	2	107353B_TLS_4h	12248
25	2	107355B_TLS_8h	11573
58	3	107323A_TLS_4h	2
58	3	107325A_TLS_8h	4
58	3	107351B_TLS_2h	1
58	3	107353B_TLS_4h	2
58	3	107355B_TLS_8h	2
25	3	107317A_TLS_0h_no4sU	3
25	3	107319A_TLS_1h	70
25	3	107321A_TLS_2h	561
25	3	107323A_TLS_4h	1179
25	3	107325A_TLS_8h	2302
25	3	107347B_TLS_0h_no4sU	1
25	3	107349B_TLS_1h	127
25	3	107351B_TLS_2h	984
25	3	107353B_TLS_4h	3022
25	3	107355B_TLS_8h	2724
58	4	107325A_TLS_8h	1
58	4	107351B_TLS_2h	2
25	4	107319A_TLS_1h	7
25	4	107321A_TLS_2h	55
25	4	107323A_TLS_4h	154
25	4	107325A_TLS_8h	326
25	4	107349B_TLS_1h	19
25	4	107351B_TLS_2h	152
25	4	107353B_TLS_4h	533
25	4	107355B_TLS_8h	498
25	5	107321A_TLS_2h	2
25	5	107323A_TLS_4h	3
25	5	107325A_TLS_8h	11
25	5	107349B_TLS_1h	1
25	5	107351B_TLS_2h	6
25	5	107353B_TLS_4h	16
25	5	107355B_TLS_8h	14
42	0	107317A_TLS_0h_no4sU	6696
42	0	107319A_TLS_1h	6103
42	0	107321A_TLS_2h	4563
42	0	107323A_TLS_4h	2976
42	0	107325A_TLS_8h	1827
42	0	107347B_TLS_0h_no4sU	5936
42	0	107349B_TLS_1h	5006
42	0	107351B_TLS_2h	3872
42	0	107353B_TLS_4h	3188
42	0	107355B_TLS_8h	1700
9	0	107317A_TLS_0h_no4sU	569857
9	0	107319A_TLS_1h	489714
9	0	107321A_TLS_2h	547863
9	0	107323A_TLS_4h	441843
9	0	107325A_TLS_8h	434369
9	0	107347B_TLS_0h_no4sU	582465
9	0	107349B_TLS_1h	477913
9	0	107351B_TLS_2h	550082
9	0	107353B_TLS_4h	524714
9	0	107355B_TLS_8h	402181
42	1	107317A_TLS_0h_no4sU	94
42	1	107319A_TLS_1h	404
42	1	107321A_TLS_2h	908
42	1	107323A_TLS_4h	1024
42	1	107325A_TLS_8h	1174
42	1	107347B_TLS_0h_no4sU	85
42	1	107349B_TLS_1h	344
42	1	107351B_TLS_2h	638
42	1	107353B_TLS_4h	1186
42	1	107355B_TLS_8h	1157
9	1	107317A_TLS_0h_no4sU	2693
9	1	107319A_TLS_1h	6475
9	1	107321A_TLS_2h	24150
9	1	107323A_TLS_4h	37862
9	1	107325A_TLS_8h	59689
9	1	107347B_TLS_0h_no4sU	2784
9	1	107349B_TLS_1h	7449
9	1	107351B_TLS_2h	24962
9	1	107353B_TLS_4h	56952
9	1	107355B_TLS_8h	62444
42	2	107317A_TLS_0h_no4sU	1
42	2	107319A_TLS_1h	64
42	2	107321A_TLS_2h	238
42	2	107323A_TLS_4h	367
42	2	107325A_TLS_8h	518
42	2	107347B_TLS_0h_no4sU	1
42	2	107349B_TLS_1h	71
42	2	107351B_TLS_2h	228
42	2	107353B_TLS_4h	593
42	2	107355B_TLS_8h	626
9	2	107317A_TLS_0h_no4sU	18
9	2	107319A_TLS_1h	167
9	2	107321A_TLS_2h	1273
9	2	107323A_TLS_4h	2815
9	2	107325A_TLS_8h	5202
9	2	107347B_TLS_0h_no4sU	13
9	2	107349B_TLS_1h	257
9	2	107351B_TLS_2h	1884
9	2	107353B_TLS_4h	5803
9	2	107355B_TLS_8h	6431
42	3	107319A_TLS_1h	10
42	3	107321A_TLS_2h	46
42	3	107323A_TLS_4h	124
42	3	107325A_TLS_8h	147
42	3	107349B_TLS_1h	16
42	3	107351B_TLS_2h	81
42	3	107353B_TLS_4h	240
42	3	107355B_TLS_8h	254
9	3	107319A_TLS_1h	4
9	3	107321A_TLS_2h	59
9	3	107323A_TLS_4h	137
9	3	107325A_TLS_8h	265
9	3	107349B_TLS_1h	13
9	3	107351B_TLS_2h	110
9	3	107353B_TLS_4h	379
9	3	107355B_TLS_8h	424
42	4	107317A_TLS_0h_no4sU	1
42	4	107319A_TLS_1h	2
42	4	107321A_TLS_2h	10
42	4	107323A_TLS_4h	32
42	4	107325A_TLS_8h	40
42	4	107349B_TLS_1h	3
42	4	107351B_TLS_2h	22
42	4	107353B_TLS_4h	70
42	4	107355B_TLS_8h	64
9	4	107321A_TLS_2h	1
9	4	107323A_TLS_4h	4
9	4	107325A_TLS_8h	7
9	4	107351B_TLS_2h	8
9	4	107353B_TLS_4h	11
9	4	107355B_TLS_8h	14
42	5	107321A_TLS_2h	1
42	5	107325A_TLS_8h	2
42	5	107353B_TLS_4h	4
42	5	107355B_TLS_8h	12
59	0	107317A_TLS_0h_no4sU	14
59	0	107319A_TLS_1h	15
59	0	107321A_TLS_2h	13
59	0	107323A_TLS_4h	11
59	0	107325A_TLS_8h	5
59	0	107347B_TLS_0h_no4sU	15
59	0	107349B_TLS_1h	18
59	0	107351B_TLS_2h	12
59	0	107353B_TLS_4h	7
59	0	107355B_TLS_8h	6
26	0	107317A_TLS_0h_no4sU	174963
26	0	107319A_TLS_1h	158653
26	0	107321A_TLS_2h	146861
26	0	107323A_TLS_4h	98166
26	0	107325A_TLS_8h	89213
26	0	107347B_TLS_0h_no4sU	178882
26	0	107349B_TLS_1h	139055
26	0	107351B_TLS_2h	134774
26	0	107353B_TLS_4h	116981
26	0	107355B_TLS_8h	66133
59	1	107317A_TLS_0h_no4sU	1
59	1	107319A_TLS_1h	3
59	1	107321A_TLS_2h	3
59	1	107323A_TLS_4h	10
59	1	107325A_TLS_8h	4
59	1	107351B_TLS_2h	6
59	1	107353B_TLS_4h	2
59	1	107355B_TLS_8h	4
26	1	107317A_TLS_0h_no4sU	1893
26	1	107319A_TLS_1h	6824
26	1	107321A_TLS_2h	19022
26	1	107323A_TLS_4h	24773
26	1	107325A_TLS_8h	35912
26	1	107347B_TLS_0h_no4sU	1959
26	1	107349B_TLS_1h	6600
26	1	107351B_TLS_2h	17310
26	1	107353B_TLS_4h	34864
26	1	107355B_TLS_8h	30061
59	2	107319A_TLS_1h	1
59	2	107323A_TLS_4h	3
59	2	107351B_TLS_2h	2
59	2	107353B_TLS_4h	4
59	2	107355B_TLS_8h	2
26	2	107317A_TLS_0h_no4sU	13
26	2	107319A_TLS_1h	647
26	2	107321A_TLS_2h	3488
26	2	107323A_TLS_4h	5908
26	2	107325A_TLS_8h	10092
26	2	107347B_TLS_0h_no4sU	15
26	2	107349B_TLS_1h	836
26	2	107351B_TLS_2h	4380
26	2	107353B_TLS_4h	11305
26	2	107355B_TLS_8h	10245
59	3	107321A_TLS_2h	2
59	3	107323A_TLS_4h	1
59	3	107353B_TLS_4h	2
59	3	107355B_TLS_8h	3
26	3	107317A_TLS_0h_no4sU	3
26	3	107319A_TLS_1h	84
26	3	107321A_TLS_2h	585
26	3	107323A_TLS_4h	1169
26	3	107325A_TLS_8h	2132
26	3	107347B_TLS_0h_no4sU	1
26	3	107349B_TLS_1h	126
26	3	107351B_TLS_2h	886
26	3	107353B_TLS_4h	2884
26	3	107355B_TLS_8h	2559
59	4	107353B_TLS_4h	1
26	4	107319A_TLS_1h	7
26	4	107321A_TLS_2h	77
26	4	107323A_TLS_4h	189
26	4	107325A_TLS_8h	361
26	4	107349B_TLS_1h	21
26	4	107351B_TLS_2h	166
26	4	107353B_TLS_4h	619
26	4	107355B_TLS_8h	522
26	5	107321A_TLS_2h	1
26	5	107323A_TLS_4h	5
26	5	107325A_TLS_8h	10
26	5	107349B_TLS_1h	2
26	5	107351B_TLS_2h	6
26	5	107353B_TLS_4h	30
26	5	107355B_TLS_8h	16
43	0	107317A_TLS_0h_no4sU	4871
43	0	107319A_TLS_1h	4461
43	0	107321A_TLS_2h	3305
43	0	107323A_TLS_4h	2129
43	0	107325A_TLS_8h	1393
43	0	107347B_TLS_0h_no4sU	4311
43	0	107349B_TLS_1h	3479
43	0	107351B_TLS_2h	2755
43	0	107353B_TLS_4h	2201
43	0	107355B_TLS_8h	1313
10	0	107317A_TLS_0h_no4sU	573313
10	0	107319A_TLS_1h	495024
10	0	107321A_TLS_2h	544263
10	0	107323A_TLS_4h	435493
10	0	107325A_TLS_8h	427328
10	0	107347B_TLS_0h_no4sU	587057
10	0	107349B_TLS_1h	480698
10	0	107351B_TLS_2h	543911
10	0	107353B_TLS_4h	519038
10	0	107355B_TLS_8h	387171
43	1	107317A_TLS_0h_no4sU	79
43	1	107319A_TLS_1h	322
43	1	107321A_TLS_2h	636
43	1	107323A_TLS_4h	755
43	1	107325A_TLS_8h	829
43	1	107347B_TLS_0h_no4sU	81
43	1	107349B_TLS_1h	248
43	1	107351B_TLS_2h	443
43	1	107353B_TLS_4h	842
43	1	107355B_TLS_8h	823
10	1	107317A_TLS_0h_no4sU	2969
10	1	107319A_TLS_1h	7326
10	1	107321A_TLS_2h	26346
10	1	107323A_TLS_4h	42015
10	1	107325A_TLS_8h	65091
10	1	107347B_TLS_0h_no4sU	3186
10	1	107349B_TLS_1h	8094
10	1	107351B_TLS_2h	27205
10	1	107353B_TLS_4h	62996
10	1	107355B_TLS_8h	67616
43	2	107317A_TLS_0h_no4sU	1
43	2	107319A_TLS_1h	41
43	2	107321A_TLS_2h	203
43	2	107323A_TLS_4h	287
43	2	107325A_TLS_8h	338
43	2	107349B_TLS_1h	52
43	2	107351B_TLS_2h	182
43	2	107353B_TLS_4h	426
43	2	107355B_TLS_8h	488
10	2	107317A_TLS_0h_no4sU	16
10	2	107319A_TLS_1h	205
10	2	107321A_TLS_2h	1731
10	2	107323A_TLS_4h	3481
10	2	107325A_TLS_8h	6214
10	2	107347B_TLS_0h_no4sU	21
10	2	107349B_TLS_1h	317
10	2	107351B_TLS_2h	2518
10	2	107353B_TLS_4h	7279
10	2	107355B_TLS_8h	7893
43	3	107319A_TLS_1h	3
43	3	107321A_TLS_2h	53
43	3	107323A_TLS_4h	99
43	3	107325A_TLS_8h	108
43	3	107349B_TLS_1h	17
43	3	107351B_TLS_2h	47
43	3	107353B_TLS_4h	183
43	3	107355B_TLS_8h	162
10	3	107317A_TLS_0h_no4sU	1
10	3	107319A_TLS_1h	9
10	3	107321A_TLS_2h	89
10	3	107323A_TLS_4h	201
10	3	107325A_TLS_8h	440
10	3	107349B_TLS_1h	16
10	3	107351B_TLS_2h	148
10	3	107353B_TLS_4h	546
10	3	107355B_TLS_8h	563
43	4	107321A_TLS_2h	5
43	4	107323A_TLS_4h	23
43	4	107325A_TLS_8h	19
43	4	107349B_TLS_1h	1
43	4	107351B_TLS_2h	18
43	4	107353B_TLS_4h	64
43	4	107355B_TLS_8h	64
10	4	107321A_TLS_2h	6
10	4	107323A_TLS_4h	6
10	4	107325A_TLS_8h	16
10	4	107349B_TLS_1h	1
10	4	107351B_TLS_2h	7
10	4	107353B_TLS_4h	30
10	4	107355B_TLS_8h	22
43	5	107321A_TLS_2h	1
43	5	107323A_TLS_4h	1
43	5	107325A_TLS_8h	2
43	5	107353B_TLS_4h	8
43	5	107355B_TLS_8h	9
60	0	107317A_TLS_0h_no4sU	17
60	0	107319A_TLS_1h	9
60	0	107321A_TLS_2h	7
60	0	107323A_TLS_4h	4
60	0	107325A_TLS_8h	6
60	0	107347B_TLS_0h_no4sU	9
60	0	107349B_TLS_1h	5
60	0	107351B_TLS_2h	6
60	0	107353B_TLS_4h	4
60	0	107355B_TLS_8h	3
27	0	107317A_TLS_0h_no4sU	151038
27	0	107319A_TLS_1h	137894
27	0	107321A_TLS_2h	125367
27	0	107323A_TLS_4h	83594
27	0	107325A_TLS_8h	74651
27	0	107347B_TLS_0h_no4sU	153761
27	0	107349B_TLS_1h	119951
27	0	107351B_TLS_2h	114719
27	0	107353B_TLS_4h	98929
27	0	107355B_TLS_8h	55720
60	1	107317A_TLS_0h_no4sU	1
60	1	107319A_TLS_1h	2
60	1	107321A_TLS_2h	2
60	1	107323A_TLS_4h	3
60	1	107349B_TLS_1h	1
60	1	107351B_TLS_2h	2
60	1	107353B_TLS_4h	5
60	1	107355B_TLS_8h	3
27	1	107317A_TLS_0h_no4sU	1749
27	1	107319A_TLS_1h	6384
27	1	107321A_TLS_2h	17192
27	1	107323A_TLS_4h	21765
27	1	107325A_TLS_8h	31507
27	1	107347B_TLS_0h_no4sU	1842
27	1	107349B_TLS_1h	6111
27	1	107351B_TLS_2h	15227
27	1	107353B_TLS_4h	30529
27	1	107355B_TLS_8h	26546
60	2	107319A_TLS_1h	1
60	2	107321A_TLS_2h	1
60	2	107323A_TLS_4h	4
60	2	107325A_TLS_8h	1
60	2	107349B_TLS_1h	1
60	2	107351B_TLS_2h	1
60	2	107353B_TLS_4h	2
60	2	107355B_TLS_8h	3
27	2	107317A_TLS_0h_no4sU	21
27	2	107319A_TLS_1h	555
27	2	107321A_TLS_2h	3217
27	2	107323A_TLS_4h	5604
27	2	107325A_TLS_8h	9282
27	2	107347B_TLS_0h_no4sU	21
27	2	107349B_TLS_1h	862
27	2	107351B_TLS_2h	3907
27	2	107353B_TLS_4h	10228
27	2	107355B_TLS_8h	9354
60	3	107321A_TLS_2h	1
60	3	107349B_TLS_1h	1
60	3	107353B_TLS_4h	3
60	3	107355B_TLS_8h	2
27	3	107317A_TLS_0h_no4sU	1
27	3	107319A_TLS_1h	69
27	3	107321A_TLS_2h	522
27	3	107323A_TLS_4h	1004
27	3	107325A_TLS_8h	1968
27	3	107349B_TLS_1h	155
27	3	107351B_TLS_2h	865
27	3	107353B_TLS_4h	2804
27	3	107355B_TLS_8h	2540
60	4	107355B_TLS_8h	1
27	4	107319A_TLS_1h	4
27	4	107321A_TLS_2h	77
27	4	107323A_TLS_4h	164
27	4	107325A_TLS_8h	285
27	4	107349B_TLS_1h	12
27	4	107351B_TLS_2h	178
27	4	107353B_TLS_4h	608
27	4	107355B_TLS_8h	488
27	5	107321A_TLS_2h	2
27	5	107323A_TLS_4h	11
27	5	107325A_TLS_8h	13
27	5	107351B_TLS_2h	7
27	5	107353B_TLS_4h	31
27	5	107355B_TLS_8h	25
44	0	107317A_TLS_0h_no4sU	3655
44	0	107319A_TLS_1h	3327
44	0	107321A_TLS_2h	2532
44	0	107323A_TLS_4h	1611
44	0	107325A_TLS_8h	1021
44	0	107347B_TLS_0h_no4sU	3164
44	0	107349B_TLS_1h	2681
44	0	107351B_TLS_2h	2162
44	0	107353B_TLS_4h	1681
44	0	107355B_TLS_8h	944
11	0	107317A_TLS_0h_no4sU	575829
11	0	107319A_TLS_1h	497877
11	0	107321A_TLS_2h	542270
11	0	107323A_TLS_4h	428451
11	0	107325A_TLS_8h	418893
11	0	107347B_TLS_0h_no4sU	590185
11	0	107349B_TLS_1h	478778
11	0	107351B_TLS_2h	539420
11	0	107353B_TLS_4h	511363
11	0	107355B_TLS_8h	374041
44	1	107317A_TLS_0h_no4sU	49
44	1	107319A_TLS_1h	226
44	1	107321A_TLS_2h	490
44	1	107323A_TLS_4h	581
44	1	107325A_TLS_8h	617
44	1	107347B_TLS_0h_no4sU	38
44	1	107349B_TLS_1h	206
44	1	107351B_TLS_2h	323
44	1	107353B_TLS_4h	699
44	1	107355B_TLS_8h	661
11	1	107317A_TLS_0h_no4sU	3340
11	1	107319A_TLS_1h	8223
11	1	107321A_TLS_2h	29259
11	1	107323A_TLS_4h	45212
11	1	107325A_TLS_8h	71227
11	1	107347B_TLS_0h_no4sU	3427
11	1	107349B_TLS_1h	8973
11	1	107351B_TLS_2h	29494
11	1	107353B_TLS_4h	66885
11	1	107355B_TLS_8h	71403
44	2	107319A_TLS_1h	39
44	2	107321A_TLS_2h	149
44	2	107323A_TLS_4h	205
44	2	107325A_TLS_8h	273
44	2	107349B_TLS_1h	55
44	2	107351B_TLS_2h	113
44	2	107353B_TLS_4h	326
44	2	107355B_TLS_8h	365
11	2	107317A_TLS_0h_no4sU	14
11	2	107319A_TLS_1h	265
11	2	107321A_TLS_2h	2126
11	2	107323A_TLS_4h	4205
11	2	107325A_TLS_8h	7723
11	2	107347B_TLS_0h_no4sU	22
11	2	107349B_TLS_1h	406
11	2	107351B_TLS_2h	2767
11	2	107353B_TLS_4h	8660
11	2	107355B_TLS_8h	9282
44	3	107319A_TLS_1h	5
44	3	107321A_TLS_2h	35
44	3	107323A_TLS_4h	60
44	3	107325A_TLS_8h	104
44	3	107349B_TLS_1h	20
44	3	107351B_TLS_2h	53
44	3	107353B_TLS_4h	115
44	3	107355B_TLS_8h	122
11	3	107319A_TLS_1h	5
11	3	107321A_TLS_2h	126
11	3	107323A_TLS_4h	250
11	3	107325A_TLS_8h	551
11	3	107349B_TLS_1h	21
11	3	107351B_TLS_2h	215
11	3	107353B_TLS_4h	792
11	3	107355B_TLS_8h	857
44	4	107321A_TLS_2h	6
44	4	107323A_TLS_4h	12
44	4	107325A_TLS_8h	33
44	4	107349B_TLS_1h	2
44	4	107351B_TLS_2h	7
44	4	107353B_TLS_4h	46
44	4	107355B_TLS_8h	54
11	4	107319A_TLS_1h	1
11	4	107321A_TLS_2h	2
11	4	107323A_TLS_4h	16
11	4	107325A_TLS_8h	27
11	4	107351B_TLS_2h	6
11	4	107353B_TLS_4h	36
11	4	107355B_TLS_8h	46
44	5	107321A_TLS_2h	1
44	5	107323A_TLS_4h	1
44	5	107325A_TLS_8h	2
44	5	107351B_TLS_2h	1
44	5	107353B_TLS_4h	2
44	5	107355B_TLS_8h	6
61	0	107317A_TLS_0h_no4sU	14
61	0	107319A_TLS_1h	5
61	0	107321A_TLS_2h	5
61	0	107323A_TLS_4h	1
61	0	107325A_TLS_8h	1
61	0	107347B_TLS_0h_no4sU	6
61	0	107349B_TLS_1h	8
61	0	107351B_TLS_2h	5
61	0	107353B_TLS_4h	3
28	0	107317A_TLS_0h_no4sU	130371
28	0	107319A_TLS_1h	118877
28	0	107321A_TLS_2h	106596
28	0	107323A_TLS_4h	70399
28	0	107325A_TLS_8h	62043
28	0	107347B_TLS_0h_no4sU	132495
28	0	107349B_TLS_1h	103065
28	0	107351B_TLS_2h	97315
28	0	107353B_TLS_4h	83269
28	0	107355B_TLS_8h	46420
61	1	107317A_TLS_0h_no4sU	1
61	1	107321A_TLS_2h	5
61	1	107323A_TLS_4h	5
61	1	107349B_TLS_1h	2
61	1	107351B_TLS_2h	3
61	1	107353B_TLS_4h	1
61	1	107355B_TLS_8h	4
28	1	107317A_TLS_0h_no4sU	1460
28	1	107319A_TLS_1h	5691
28	1	107321A_TLS_2h	15333
28	1	107323A_TLS_4h	19237
28	1	107325A_TLS_8h	27264
28	1	107347B_TLS_0h_no4sU	1550
28	1	107349B_TLS_1h	5300
28	1	107351B_TLS_2h	13267
28	1	107353B_TLS_4h	26520
28	1	107355B_TLS_8h	22928
61	2	107321A_TLS_2h	1
61	2	107323A_TLS_4h	2
61	2	107325A_TLS_8h	1
61	2	107349B_TLS_1h	1
61	2	107351B_TLS_2h	1
28	2	107317A_TLS_0h_no4sU	20
28	2	107319A_TLS_1h	565
28	2	107321A_TLS_2h	2933
28	2	107323A_TLS_4h	4889
28	2	107325A_TLS_8h	8177
28	2	107347B_TLS_0h_no4sU	17
28	2	107349B_TLS_1h	784
28	2	107351B_TLS_2h	3491
28	2	107353B_TLS_4h	9375
28	2	107355B_TLS_8h	8597
61	3	107355B_TLS_8h	3
28	3	107319A_TLS_1h	54
28	3	107321A_TLS_2h	533
28	3	107323A_TLS_4h	1023
28	3	107325A_TLS_8h	1883
28	3	107347B_TLS_0h_no4sU	2
28	3	107349B_TLS_1h	121
28	3	107351B_TLS_2h	809
28	3	107353B_TLS_4h	2626
28	3	107355B_TLS_8h	2349
28	4	107319A_TLS_1h	5
28	4	107321A_TLS_2h	80
28	4	107323A_TLS_4h	169
28	4	107325A_TLS_8h	342
28	4	107349B_TLS_1h	12
28	4	107351B_TLS_2h	149
28	4	107353B_TLS_4h	501
28	4	107355B_TLS_8h	519
28	5	107321A_TLS_2h	3
28	5	107323A_TLS_4h	11
28	5	107325A_TLS_8h	15
28	5	107351B_TLS_2h	8
28	5	107353B_TLS_4h	22
28	5	107355B_TLS_8h	19
28	6	107353B_TLS_4h	1
78	0	107317A_TLS_0h_no4sU	1
45	0	107317A_TLS_0h_no4sU	2751
45	0	107319A_TLS_1h	2488
45	0	107321A_TLS_2h	1846
45	0	107323A_TLS_4h	1225
45	0	107325A_TLS_8h	770
45	0	107347B_TLS_0h_no4sU	2276
45	0	107349B_TLS_1h	2036
45	0	107351B_TLS_2h	1573
45	0	107353B_TLS_4h	1260
45	0	107355B_TLS_8h	708
12	0	107317A_TLS_0h_no4sU	572152
12	0	107319A_TLS_1h	494926
12	0	107321A_TLS_2h	533552
12	0	107323A_TLS_4h	416107
12	0	107325A_TLS_8h	407585
12	0	107347B_TLS_0h_no4sU	586026
12	0	107349B_TLS_1h	473787
12	0	107351B_TLS_2h	526327
12	0	107353B_TLS_4h	498027
12	0	107355B_TLS_8h	355152
45	1	107317A_TLS_0h_no4sU	40
45	1	107319A_TLS_1h	165
45	1	107321A_TLS_2h	331
45	1	107323A_TLS_4h	447
45	1	107325A_TLS_8h	459
45	1	107347B_TLS_0h_no4sU	35
45	1	107349B_TLS_1h	155
45	1	107351B_TLS_2h	263
45	1	107353B_TLS_4h	541
45	1	107355B_TLS_8h	517
12	1	107317A_TLS_0h_no4sU	3521
12	1	107319A_TLS_1h	8992
12	1	107321A_TLS_2h	31138
12	1	107323A_TLS_4h	47488
12	1	107325A_TLS_8h	75283
12	1	107347B_TLS_0h_no4sU	3734
12	1	107349B_TLS_1h	9562
12	1	107351B_TLS_2h	31194
12	1	107353B_TLS_4h	70716
12	1	107355B_TLS_8h	74133
45	2	107317A_TLS_0h_no4sU	2
45	2	107319A_TLS_1h	25
45	2	107321A_TLS_2h	87
45	2	107323A_TLS_4h	182
45	2	107325A_TLS_8h	250
45	2	107349B_TLS_1h	33
45	2	107351B_TLS_2h	102
45	2	107353B_TLS_4h	259
45	2	107355B_TLS_8h	268
12	2	107317A_TLS_0h_no4sU	31
12	2	107319A_TLS_1h	344
12	2	107321A_TLS_2h	2427
12	2	107323A_TLS_4h	5061
12	2	107325A_TLS_8h	9046
12	2	107347B_TLS_0h_no4sU	29
12	2	107349B_TLS_1h	527
12	2	107351B_TLS_2h	3494
12	2	107353B_TLS_4h	10219
12	2	107355B_TLS_8h	10900
45	3	107319A_TLS_1h	8
45	3	107321A_TLS_2h	27
45	3	107323A_TLS_4h	50
45	3	107325A_TLS_8h	69
45	3	107349B_TLS_1h	4
45	3	107351B_TLS_2h	28
45	3	107353B_TLS_4h	100
45	3	107355B_TLS_8h	112
12	3	107319A_TLS_1h	5
12	3	107321A_TLS_2h	168
12	3	107323A_TLS_4h	398
12	3	107325A_TLS_8h	779
12	3	107347B_TLS_0h_no4sU	1
12	3	107349B_TLS_1h	43
12	3	107351B_TLS_2h	288
12	3	107353B_TLS_4h	1031
12	3	107355B_TLS_8h	1057
45	4	107319A_TLS_1h	2
45	4	107321A_TLS_2h	7
45	4	107323A_TLS_4h	14
45	4	107325A_TLS_8h	15
45	4	107349B_TLS_1h	1
45	4	107351B_TLS_2h	9
45	4	107353B_TLS_4h	24
45	4	107355B_TLS_8h	34
45	5	107325A_TLS_8h	4
45	5	107353B_TLS_4h	2
45	5	107355B_TLS_8h	2
12	4	107321A_TLS_2h	4
12	4	107323A_TLS_4h	19
12	4	107325A_TLS_8h	55
12	4	107351B_TLS_2h	19
12	4	107353B_TLS_4h	70
12	4	107355B_TLS_8h	55
12	5	107325A_TLS_8h	1
62	0	107317A_TLS_0h_no4sU	5
62	0	107319A_TLS_1h	3
62	0	107321A_TLS_2h	1
62	0	107323A_TLS_4h	2
62	0	107325A_TLS_8h	1
62	0	107347B_TLS_0h_no4sU	2
62	0	107349B_TLS_1h	2
62	0	107351B_TLS_2h	2
62	0	107353B_TLS_4h	3
62	0	107355B_TLS_8h	1
29	0	107317A_TLS_0h_no4sU	110782
29	0	107319A_TLS_1h	101703
29	0	107321A_TLS_2h	89773
29	0	107323A_TLS_4h	58875
29	0	107325A_TLS_8h	50862
29	0	107347B_TLS_0h_no4sU	112768
29	0	107349B_TLS_1h	86969
29	0	107351B_TLS_2h	80988
29	0	107353B_TLS_4h	69078
29	0	107355B_TLS_8h	38051
62	1	107317A_TLS_0h_no4sU	1
62	1	107319A_TLS_1h	2
62	1	107321A_TLS_2h	3
62	1	107323A_TLS_4h	2
62	1	107325A_TLS_8h	1
62	1	107349B_TLS_1h	2
62	1	107353B_TLS_4h	2
62	1	107355B_TLS_8h	2
29	1	107317A_TLS_0h_no4sU	1291
29	1	107319A_TLS_1h	5091
29	1	107321A_TLS_2h	13249
29	1	107323A_TLS_4h	16820
29	1	107325A_TLS_8h	23211
29	1	107347B_TLS_0h_no4sU	1338
29	1	107349B_TLS_1h	4724
29	1	107351B_TLS_2h	11585
29	1	107353B_TLS_4h	22780
29	1	107355B_TLS_8h	19855
62	2	107317A_TLS_0h_no4sU	1
62	2	107325A_TLS_8h	1
62	2	107349B_TLS_1h	2
62	2	107351B_TLS_2h	1
62	2	107355B_TLS_8h	1
29	2	107317A_TLS_0h_no4sU	8
29	2	107319A_TLS_1h	510
29	2	107321A_TLS_2h	2716
29	2	107323A_TLS_4h	4325
29	2	107325A_TLS_8h	7320
29	2	107347B_TLS_0h_no4sU	13
29	2	107349B_TLS_1h	781
29	2	107351B_TLS_2h	3206
29	2	107353B_TLS_4h	8421
29	2	107355B_TLS_8h	7414
29	3	107317A_TLS_0h_no4sU	1
29	3	107319A_TLS_1h	80
29	3	107321A_TLS_2h	515
29	3	107323A_TLS_4h	959
29	3	107325A_TLS_8h	1669
29	3	107349B_TLS_1h	104
29	3	107351B_TLS_2h	738
29	3	107353B_TLS_4h	2369
29	3	107355B_TLS_8h	2122
29	4	107319A_TLS_1h	9
29	4	107321A_TLS_2h	65
29	4	107323A_TLS_4h	169
29	4	107325A_TLS_8h	349
29	4	107349B_TLS_1h	11
29	4	107351B_TLS_2h	158
29	4	107353B_TLS_4h	532
29	4	107355B_TLS_8h	487
29	5	107321A_TLS_2h	1
29	5	107323A_TLS_4h	5
29	5	107325A_TLS_8h	17
29	5	107349B_TLS_1h	1
29	5	107351B_TLS_2h	7
29	5	107353B_TLS_4h	33
29	5	107355B_TLS_8h	21
46	0	107317A_TLS_0h_no4sU	1872
46	0	107319A_TLS_1h	1701
46	0	107321A_TLS_2h	1220
46	0	107323A_TLS_4h	826
46	0	107325A_TLS_8h	512
46	0	107347B_TLS_0h_no4sU	1571
46	0	107349B_TLS_1h	1411
46	0	107351B_TLS_2h	1057
46	0	107353B_TLS_4h	798
46	0	107355B_TLS_8h	464
13	0	107317A_TLS_0h_no4sU	562075
13	0	107319A_TLS_1h	490770
13	0	107321A_TLS_2h	519302
13	0	107323A_TLS_4h	401990
13	0	107325A_TLS_8h	392453
13	0	107347B_TLS_0h_no4sU	577272
13	0	107349B_TLS_1h	464983
13	0	107351B_TLS_2h	510993
13	0	107353B_TLS_4h	483177
13	0	107355B_TLS_8h	336026
46	1	107317A_TLS_0h_no4sU	30
46	1	107319A_TLS_1h	126
46	1	107321A_TLS_2h	243
46	1	107323A_TLS_4h	304
46	1	107325A_TLS_8h	317
46	1	107347B_TLS_0h_no4sU	28
46	1	107349B_TLS_1h	89
46	1	107351B_TLS_2h	189
46	1	107353B_TLS_4h	371
46	1	107355B_TLS_8h	354
13	1	107317A_TLS_0h_no4sU	3747
13	1	107319A_TLS_1h	9464
13	1	107321A_TLS_2h	32672
13	1	107323A_TLS_4h	49788
13	1	107325A_TLS_8h	77831
13	1	107347B_TLS_0h_no4sU	3893
13	1	107349B_TLS_1h	10208
13	1	107351B_TLS_2h	32529
13	1	107353B_TLS_4h	72849
13	1	107355B_TLS_8h	75910
46	2	107317A_TLS_0h_no4sU	1
46	2	107319A_TLS_1h	16
46	2	107321A_TLS_2h	77
46	2	107323A_TLS_4h	116
46	2	107325A_TLS_8h	149
46	2	107347B_TLS_0h_no4sU	1
46	2	107349B_TLS_1h	29
46	2	107351B_TLS_2h	72
46	2	107353B_TLS_4h	175
46	2	107355B_TLS_8h	189
13	2	107317A_TLS_0h_no4sU	34
13	2	107319A_TLS_1h	371
13	2	107321A_TLS_2h	2930
13	2	107323A_TLS_4h	5756
13	2	107325A_TLS_8h	10341
13	2	107347B_TLS_0h_no4sU	26
13	2	107349B_TLS_1h	627
13	2	107351B_TLS_2h	3916
13	2	107353B_TLS_4h	11509
13	2	107355B_TLS_8h	12223
46	3	107319A_TLS_1h	1
46	3	107321A_TLS_2h	16
46	3	107323A_TLS_4h	48
46	3	107325A_TLS_8h	45
46	3	107349B_TLS_1h	3
46	3	107351B_TLS_2h	22
46	3	107353B_TLS_4h	70
46	3	107355B_TLS_8h	76
13	3	107319A_TLS_1h	16
13	3	107321A_TLS_2h	231
13	3	107323A_TLS_4h	472
13	3	107325A_TLS_8h	950
13	3	107349B_TLS_1h	37
13	3	107351B_TLS_2h	376
13	3	107353B_TLS_4h	1325
13	3	107355B_TLS_8h	1272
46	4	107319A_TLS_1h	1
46	4	107321A_TLS_2h	5
46	4	107323A_TLS_4h	8
46	4	107325A_TLS_8h	8
46	4	107349B_TLS_1h	2
46	4	107351B_TLS_2h	10
46	4	107353B_TLS_4h	36
46	4	107355B_TLS_8h	24
13	4	107319A_TLS_1h	2
13	4	107321A_TLS_2h	3
13	4	107323A_TLS_4h	39
13	4	107325A_TLS_8h	66
13	4	107349B_TLS_1h	2
13	4	107351B_TLS_2h	27
13	4	107353B_TLS_4h	104
13	4	107355B_TLS_8h	93
46	5	107321A_TLS_2h	3
46	5	107323A_TLS_4h	2
46	5	107353B_TLS_4h	1
46	5	107355B_TLS_8h	4
13	5	107351B_TLS_2h	1
13	5	107355B_TLS_8h	1
63	0	107317A_TLS_0h_no4sU	4
63	0	107319A_TLS_1h	1
63	0	107325A_TLS_8h	2
63	0	107347B_TLS_0h_no4sU	2
63	0	107349B_TLS_1h	4
63	0	107351B_TLS_2h	3
63	0	107355B_TLS_8h	2
30	0	107317A_TLS_0h_no4sU	94850
30	0	107319A_TLS_1h	86743
30	0	107321A_TLS_2h	75659
30	0	107323A_TLS_4h	49347
30	0	107325A_TLS_8h	41877
30	0	107347B_TLS_0h_no4sU	95638
30	0	107349B_TLS_1h	73893
30	0	107351B_TLS_2h	68023
30	0	107353B_TLS_4h	57121
30	0	107355B_TLS_8h	31472
63	1	107319A_TLS_1h	1
63	1	107323A_TLS_4h	3
63	1	107353B_TLS_4h	1
63	1	107355B_TLS_8h	2
30	1	107317A_TLS_0h_no4sU	1188
30	1	107319A_TLS_1h	4558
30	1	107321A_TLS_2h	11654
30	1	107323A_TLS_4h	14329
30	1	107325A_TLS_8h	19814
30	1	107347B_TLS_0h_no4sU	1223
30	1	107349B_TLS_1h	4225
30	1	107351B_TLS_2h	9963
30	1	107353B_TLS_4h	19409
30	1	107355B_TLS_8h	16719
63	2	107355B_TLS_8h	1
30	2	107317A_TLS_0h_no4sU	16
30	2	107319A_TLS_1h	469
30	2	107321A_TLS_2h	2536
30	2	107323A_TLS_4h	4061
30	2	107325A_TLS_8h	6459
30	2	107347B_TLS_0h_no4sU	15
30	2	107349B_TLS_1h	711
30	2	107351B_TLS_2h	2815
30	2	107353B_TLS_4h	7369
30	2	107355B_TLS_8h	6659
30	3	107317A_TLS_0h_no4sU	1
30	3	107319A_TLS_1h	65
30	3	107321A_TLS_2h	446
30	3	107323A_TLS_4h	866
30	3	107325A_TLS_8h	1552
30	3	107349B_TLS_1h	113
30	3	107351B_TLS_2h	694
30	3	107353B_TLS_4h	2225
30	3	107355B_TLS_8h	2053
30	4	107319A_TLS_1h	10
30	4	107321A_TLS_2h	69
30	4	107323A_TLS_4h	141
30	4	107325A_TLS_8h	285
30	4	107349B_TLS_1h	15
30	4	107351B_TLS_2h	120
30	4	107353B_TLS_4h	497
30	4	107355B_TLS_8h	454
30	5	107321A_TLS_2h	3
30	5	107323A_TLS_4h	6
30	5	107325A_TLS_8h	20
30	5	107351B_TLS_2h	10
30	5	107353B_TLS_4h	25
30	5	107355B_TLS_8h	18
47	0	107317A_TLS_0h_no4sU	1432
47	0	107319A_TLS_1h	1216
47	0	107321A_TLS_2h	947
47	0	107323A_TLS_4h	650
47	0	107325A_TLS_8h	365
47	0	107347B_TLS_0h_no4sU	1190
47	0	107349B_TLS_1h	1033
47	0	107351B_TLS_2h	859
47	0	107353B_TLS_4h	618
47	0	107355B_TLS_8h	400
14	0	107317A_TLS_0h_no4sU	546187
14	0	107319A_TLS_1h	474877
14	0	107321A_TLS_2h	500790
14	0	107323A_TLS_4h	382984
14	0	107325A_TLS_8h	372498
14	0	107347B_TLS_0h_no4sU	559258
14	0	107349B_TLS_1h	450370
14	0	107351B_TLS_2h	489547
14	0	107353B_TLS_4h	461255
14	0	107355B_TLS_8h	312836
47	1	107317A_TLS_0h_no4sU	22
47	1	107319A_TLS_1h	105
47	1	107321A_TLS_2h	189
47	1	107323A_TLS_4h	222
47	1	107325A_TLS_8h	245
47	1	107347B_TLS_0h_no4sU	19
47	1	107349B_TLS_1h	93
47	1	107351B_TLS_2h	122
47	1	107353B_TLS_4h	274
47	1	107355B_TLS_8h	275
14	1	107317A_TLS_0h_no4sU	4170
14	1	107319A_TLS_1h	10575
14	1	107321A_TLS_2h	34116
14	1	107323A_TLS_4h	51032
14	1	107325A_TLS_8h	79369
14	1	107347B_TLS_0h_no4sU	4416
14	1	107349B_TLS_1h	10889
14	1	107351B_TLS_2h	33414
14	1	107353B_TLS_4h	75008
14	1	107355B_TLS_8h	76633
47	2	107317A_TLS_0h_no4sU	5
47	2	107319A_TLS_1h	15
47	2	107321A_TLS_2h	45
47	2	107323A_TLS_4h	87
47	2	107325A_TLS_8h	118
47	2	107347B_TLS_0h_no4sU	1
47	2	107349B_TLS_1h	18
47	2	107351B_TLS_2h	43
47	2	107353B_TLS_4h	144
47	2	107355B_TLS_8h	138
14	2	107317A_TLS_0h_no4sU	43
14	2	107319A_TLS_1h	452
14	2	107321A_TLS_2h	3243
14	2	107323A_TLS_4h	6479
14	2	107325A_TLS_8h	11683
14	2	107347B_TLS_0h_no4sU	48
14	2	107349B_TLS_1h	743
14	2	107351B_TLS_2h	4408
14	2	107353B_TLS_4h	12783
14	2	107355B_TLS_8h	13318
47	3	107319A_TLS_1h	2
47	3	107321A_TLS_2h	19
47	3	107323A_TLS_4h	29
47	3	107325A_TLS_8h	40
47	3	107349B_TLS_1h	4
47	3	107351B_TLS_2h	16
47	3	107353B_TLS_4h	41
47	3	107355B_TLS_8h	53
14	3	107319A_TLS_1h	12
14	3	107321A_TLS_2h	262
14	3	107323A_TLS_4h	600
14	3	107325A_TLS_8h	1205
14	3	107349B_TLS_1h	46
14	3	107351B_TLS_2h	475
14	3	107353B_TLS_4h	1540
14	3	107355B_TLS_8h	1709
47	4	107323A_TLS_4h	6
47	4	107325A_TLS_8h	10
47	4	107349B_TLS_1h	2
47	4	107351B_TLS_2h	3
47	4	107353B_TLS_4h	21
47	4	107355B_TLS_8h	20
14	4	107317A_TLS_0h_no4sU	1
14	4	107319A_TLS_1h	1
14	4	107321A_TLS_2h	15
14	4	107323A_TLS_4h	45
14	4	107325A_TLS_8h	87
14	4	107349B_TLS_1h	2
14	4	107351B_TLS_2h	29
14	4	107353B_TLS_4h	134
14	4	107355B_TLS_8h	128
47	5	107325A_TLS_8h	1
47	5	107351B_TLS_2h	1
47	5	107353B_TLS_4h	3
47	5	107355B_TLS_8h	3
14	5	107323A_TLS_4h	1
14	5	107325A_TLS_8h	2
14	5	107351B_TLS_2h	1
14	5	107353B_TLS_4h	2
14	5	107355B_TLS_8h	2
64	0	107317A_TLS_0h_no4sU	3
64	0	107319A_TLS_1h	1
64	0	107321A_TLS_2h	1
64	0	107323A_TLS_4h	1
64	0	107325A_TLS_8h	1
64	0	107347B_TLS_0h_no4sU	4
64	0	107351B_TLS_2h	3
64	0	107353B_TLS_4h	1
31	0	107317A_TLS_0h_no4sU	79932
31	0	107319A_TLS_1h	73394
31	0	107321A_TLS_2h	63469
31	0	107323A_TLS_4h	40717
31	0	107325A_TLS_8h	34386
31	0	107347B_TLS_0h_no4sU	79752
31	0	107349B_TLS_1h	61952
31	0	107351B_TLS_2h	56190
31	0	107353B_TLS_4h	46426
31	0	107355B_TLS_8h	25593
64	1	107325A_TLS_8h	2
64	1	107351B_TLS_2h	1
64	1	107355B_TLS_8h	1
31	1	107317A_TLS_0h_no4sU	965
31	1	107319A_TLS_1h	3824
31	1	107321A_TLS_2h	9978
31	1	107323A_TLS_4h	12486
31	1	107325A_TLS_8h	16670
31	1	107347B_TLS_0h_no4sU	1034
31	1	107349B_TLS_1h	3582
31	1	107351B_TLS_2h	8354
31	1	107353B_TLS_4h	16619
31	1	107355B_TLS_8h	14424
64	2	107325A_TLS_8h	1
31	2	107317A_TLS_0h_no4sU	8
31	2	107319A_TLS_1h	472
31	2	107321A_TLS_2h	2135
31	2	107323A_TLS_4h	3568
31	2	107325A_TLS_8h	5525
31	2	107347B_TLS_0h_no4sU	15
31	2	107349B_TLS_1h	604
31	2	107351B_TLS_2h	2477
31	2	107353B_TLS_4h	6479
31	2	107355B_TLS_8h	5979
31	3	107317A_TLS_0h_no4sU	1
31	3	107319A_TLS_1h	47
31	3	107321A_TLS_2h	416
31	3	107323A_TLS_4h	775
31	3	107325A_TLS_8h	1402
31	3	107349B_TLS_1h	104
31	3	107351B_TLS_2h	669
31	3	107353B_TLS_4h	1985
31	3	107355B_TLS_8h	1782
31	4	107319A_TLS_1h	2
31	4	107321A_TLS_2h	65
31	4	107323A_TLS_4h	128
31	4	107325A_TLS_8h	254
31	4	107349B_TLS_1h	20
31	4	107351B_TLS_2h	115
31	4	107353B_TLS_4h	458
31	4	107355B_TLS_8h	405
31	5	107321A_TLS_2h	5
31	5	107323A_TLS_4h	1
31	5	107325A_TLS_8h	18
31	5	107349B_TLS_1h	1
31	5	107351B_TLS_2h	5
31	5	107353B_TLS_4h	19
31	5	107355B_TLS_8h	21
48	0	107317A_TLS_0h_no4sU	1067
48	0	107319A_TLS_1h	938
48	0	107321A_TLS_2h	721
48	0	107323A_TLS_4h	487
48	0	107325A_TLS_8h	284
48	0	107347B_TLS_0h_no4sU	917
48	0	107349B_TLS_1h	823
48	0	107351B_TLS_2h	611
48	0	107353B_TLS_4h	536
48	0	107355B_TLS_8h	307
15	0	107317A_TLS_0h_no4sU	524792
15	0	107319A_TLS_1h	458241
15	0	107321A_TLS_2h	476592
15	0	107323A_TLS_4h	361509
15	0	107325A_TLS_8h	349775
15	0	107347B_TLS_0h_no4sU	536634
15	0	107349B_TLS_1h	430257
15	0	107351B_TLS_2h	464355
15	0	107353B_TLS_4h	434355
15	0	107355B_TLS_8h	289472
48	1	107317A_TLS_0h_no4sU	18
48	1	107319A_TLS_1h	61
48	1	107321A_TLS_2h	147
48	1	107323A_TLS_4h	190
48	1	107325A_TLS_8h	205
48	1	107347B_TLS_0h_no4sU	14
48	1	107349B_TLS_1h	81
48	1	107351B_TLS_2h	123
48	1	107353B_TLS_4h	231
48	1	107355B_TLS_8h	194
15	1	107317A_TLS_0h_no4sU	4265
15	1	107319A_TLS_1h	10647
15	1	107321A_TLS_2h	34882
15	1	107323A_TLS_4h	51521
15	1	107325A_TLS_8h	80113
15	1	107347B_TLS_0h_no4sU	4456
15	1	107349B_TLS_1h	11130
15	1	107351B_TLS_2h	34095
15	1	107353B_TLS_4h	75231
15	1	107355B_TLS_8h	74930
48	2	107319A_TLS_1h	13
48	2	107321A_TLS_2h	43
48	2	107323A_TLS_4h	85
48	2	107325A_TLS_8h	95
48	2	107347B_TLS_0h_no4sU	1
48	2	107349B_TLS_1h	14
48	2	107351B_TLS_2h	48
48	2	107353B_TLS_4h	110
48	2	107355B_TLS_8h	121
15	2	107317A_TLS_0h_no4sU	40
15	2	107319A_TLS_1h	487
15	2	107321A_TLS_2h	3453
15	2	107323A_TLS_4h	7006
15	2	107325A_TLS_8h	12542
15	2	107347B_TLS_0h_no4sU	39
15	2	107349B_TLS_1h	766
15	2	107351B_TLS_2h	4827
15	2	107353B_TLS_4h	13960
15	2	107355B_TLS_8h	14116
48	3	107319A_TLS_1h	4
48	3	107321A_TLS_2h	13
48	3	107323A_TLS_4h	34
48	3	107325A_TLS_8h	46
48	3	107349B_TLS_1h	6
48	3	107351B_TLS_2h	8
48	3	107353B_TLS_4h	45
48	3	107355B_TLS_8h	54
15	3	107319A_TLS_1h	34
15	3	107321A_TLS_2h	272
15	3	107323A_TLS_4h	737
15	3	107325A_TLS_8h	1371
15	3	107349B_TLS_1h	62
15	3	107351B_TLS_2h	584
15	3	107353B_TLS_4h	1907
15	3	107355B_TLS_8h	1885
48	4	107321A_TLS_2h	5
48	4	107323A_TLS_4h	7
48	4	107325A_TLS_8h	10
48	4	107351B_TLS_2h	5
48	4	107353B_TLS_4h	11
48	4	107355B_TLS_8h	15
15	4	107319A_TLS_1h	1
15	4	107321A_TLS_2h	21
15	4	107323A_TLS_4h	55
15	4	107325A_TLS_8h	131
15	4	107349B_TLS_1h	4
15	4	107351B_TLS_2h	51
15	4	107353B_TLS_4h	169
15	4	107355B_TLS_8h	179
48	5	107325A_TLS_8h	1
48	5	107353B_TLS_4h	2
48	5	107355B_TLS_8h	2
15	5	107325A_TLS_8h	2
15	5	107353B_TLS_4h	2
15	5	107355B_TLS_8h	2
65	0	107317A_TLS_0h_no4sU	2
65	0	107319A_TLS_1h	1
65	0	107323A_TLS_4h	2
65	0	107351B_TLS_2h	1
65	0	107355B_TLS_8h	1
32	0	107317A_TLS_0h_no4sU	67740
32	0	107319A_TLS_1h	62775
32	0	107321A_TLS_2h	53500
32	0	107323A_TLS_4h	33995
32	0	107325A_TLS_8h	27649
32	0	107347B_TLS_0h_no4sU	67610
32	0	107349B_TLS_1h	52306
32	0	107351B_TLS_2h	47198
32	0	107353B_TLS_4h	39291
32	0	107355B_TLS_8h	21298
65	1	107325A_TLS_8h	1
32	1	107317A_TLS_0h_no4sU	800
32	1	107319A_TLS_1h	3512
32	1	107321A_TLS_2h	8665
32	1	107323A_TLS_4h	10488
32	1	107325A_TLS_8h	14185
32	1	107347B_TLS_0h_no4sU	823
32	1	107349B_TLS_1h	3123
32	1	107351B_TLS_2h	7117
32	1	107353B_TLS_4h	14085
32	1	107355B_TLS_8h	12183
65	2	107321A_TLS_2h	1
32	2	107317A_TLS_0h_no4sU	17
32	2	107319A_TLS_1h	440
32	2	107321A_TLS_2h	1918
32	2	107323A_TLS_4h	3010
32	2	107325A_TLS_8h	4813
32	2	107347B_TLS_0h_no4sU	13
32	2	107349B_TLS_1h	542
32	2	107351B_TLS_2h	2208
32	2	107353B_TLS_4h	5644
32	2	107355B_TLS_8h	5035
32	3	107319A_TLS_1h	57
32	3	107321A_TLS_2h	370
32	3	107323A_TLS_4h	701
32	3	107325A_TLS_8h	1222
32	3	107349B_TLS_1h	107
32	3	107351B_TLS_2h	622
32	3	107353B_TLS_4h	1632
32	3	107355B_TLS_8h	1584
32	4	107319A_TLS_1h	5
32	4	107321A_TLS_2h	46
32	4	107323A_TLS_4h	132
32	4	107325A_TLS_8h	223
32	4	107349B_TLS_1h	14
32	4	107351B_TLS_2h	119
32	4	107353B_TLS_4h	433
32	4	107355B_TLS_8h	423
32	5	107321A_TLS_2h	5
32	5	107323A_TLS_4h	5
32	5	107325A_TLS_8h	9
32	5	107349B_TLS_1h	1
32	5	107351B_TLS_2h	6
32	5	107353B_TLS_4h	28
32	5	107355B_TLS_8h	22
49	0	107317A_TLS_0h_no4sU	758
49	0	107319A_TLS_1h	638
49	0	107321A_TLS_2h	469
49	0	107323A_TLS_4h	325
49	0	107325A_TLS_8h	190
49	0	107347B_TLS_0h_no4sU	629
49	0	107349B_TLS_1h	565
49	0	107351B_TLS_2h	485
49	0	107353B_TLS_4h	342
49	0	107355B_TLS_8h	207
16	0	107317A_TLS_0h_no4sU	497636
16	0	107319A_TLS_1h	437088
16	0	107321A_TLS_2h	450100
16	0	107323A_TLS_4h	335637
16	0	107325A_TLS_8h	324237
16	0	107347B_TLS_0h_no4sU	511092
16	0	107349B_TLS_1h	406635
16	0	107351B_TLS_2h	433147
16	0	107353B_TLS_4h	402521
16	0	107355B_TLS_8h	265134
49	1	107317A_TLS_0h_no4sU	9
49	1	107319A_TLS_1h	53
49	1	107321A_TLS_2h	102
49	1	107323A_TLS_4h	155
49	1	107325A_TLS_8h	137
49	1	107347B_TLS_0h_no4sU	13
49	1	107349B_TLS_1h	44
49	1	107351B_TLS_2h	76
49	1	107353B_TLS_4h	143
49	1	107355B_TLS_8h	148
16	1	107317A_TLS_0h_no4sU	4158
16	1	107319A_TLS_1h	11025
16	1	107321A_TLS_2h	34932
16	1	107323A_TLS_4h	50788
16	1	107325A_TLS_8h	79241
16	1	107347B_TLS_0h_no4sU	4496
16	1	107349B_TLS_1h	11173
16	1	107351B_TLS_2h	33857
16	1	107353B_TLS_4h	74527
16	1	107355B_TLS_8h	72389
49	2	107319A_TLS_1h	11
49	2	107321A_TLS_2h	30
49	2	107323A_TLS_4h	58
49	2	107325A_TLS_8h	63
49	2	107349B_TLS_1h	17
49	2	107351B_TLS_2h	29
49	2	107353B_TLS_4h	70
49	2	107355B_TLS_8h	75
16	2	107317A_TLS_0h_no4sU	24
16	2	107319A_TLS_1h	566
16	2	107321A_TLS_2h	3839
16	2	107323A_TLS_4h	7420
16	2	107325A_TLS_8h	13310
16	2	107347B_TLS_0h_no4sU	33
16	2	107349B_TLS_1h	877
16	2	107351B_TLS_2h	5107
16	2	107353B_TLS_4h	14558
16	2	107355B_TLS_8h	14607
49	3	107319A_TLS_1h	3
49	3	107321A_TLS_2h	7
49	3	107323A_TLS_4h	24
49	3	107325A_TLS_8h	30
49	3	107349B_TLS_1h	3
49	3	107351B_TLS_2h	6
49	3	107353B_TLS_4h	31
49	3	107355B_TLS_8h	40
16	3	107317A_TLS_0h_no4sU	3
16	3	107319A_TLS_1h	22
16	3	107321A_TLS_2h	375
16	3	107323A_TLS_4h	795
16	3	107325A_TLS_8h	1636
16	3	107349B_TLS_1h	79
16	3	107351B_TLS_2h	639
16	3	107353B_TLS_4h	2135
16	3	107355B_TLS_8h	2108
49	4	107321A_TLS_2h	2
49	4	107323A_TLS_4h	5
49	4	107325A_TLS_8h	11
49	4	107351B_TLS_2h	7
49	4	107353B_TLS_4h	11
49	4	107355B_TLS_8h	7
16	4	107319A_TLS_1h	2
16	4	107321A_TLS_2h	26
16	4	107323A_TLS_4h	53
16	4	107325A_TLS_8h	142
16	4	107349B_TLS_1h	2
16	4	107351B_TLS_2h	57
16	4	107353B_TLS_4h	240
16	4	107355B_TLS_8h	179
49	5	107353B_TLS_4h	1
16	5	107325A_TLS_8h	3
16	5	107351B_TLS_2h	2
16	5	107353B_TLS_4h	3
16	5	107355B_TLS_8h	4
66	0	107317A_TLS_0h_no4sU	3
66	0	107319A_TLS_1h	2
66	0	107325A_TLS_8h	1
66	0	107349B_TLS_1h	1
66	0	107351B_TLS_2h	1
66	0	107353B_TLS_4h	1
33	0	107317A_TLS_0h_no4sU	56195
33	0	107319A_TLS_1h	52183
33	0	107321A_TLS_2h	43932
33	0	107323A_TLS_4h	27518
33	0	107325A_TLS_8h	22212
33	0	107347B_TLS_0h_no4sU	55363
33	0	107349B_TLS_1h	43302
33	0	107351B_TLS_2h	38087
33	0	107353B_TLS_4h	31496
33	0	107355B_TLS_8h	17359
66	1	107353B_TLS_4h	1
33	1	107317A_TLS_0h_no4sU	670
33	1	107319A_TLS_1h	2884
33	1	107321A_TLS_2h	7332
33	1	107323A_TLS_4h	8715
33	1	107325A_TLS_8h	11526
33	1	107347B_TLS_0h_no4sU	625
33	1	107349B_TLS_1h	2566
33	1	107351B_TLS_2h	5875
33	1	107353B_TLS_4h	11532
33	1	107355B_TLS_8h	10227
66	2	107353B_TLS_4h	2
33	2	107317A_TLS_0h_no4sU	11
33	2	107319A_TLS_1h	350
33	2	107321A_TLS_2h	1682
33	2	107323A_TLS_4h	2550
33	2	107325A_TLS_8h	4090
33	2	107347B_TLS_0h_no4sU	15
33	2	107349B_TLS_1h	425
33	2	107351B_TLS_2h	1923
33	2	107353B_TLS_4h	4766
33	2	107355B_TLS_8h	4414
33	3	107319A_TLS_1h	46
33	3	107321A_TLS_2h	331
33	3	107323A_TLS_4h	664
33	3	107325A_TLS_8h	1047
33	3	107349B_TLS_1h	107
33	3	107351B_TLS_2h	502
33	3	107353B_TLS_4h	1519
33	3	107355B_TLS_8h	1381
33	4	107319A_TLS_1h	6
33	4	107321A_TLS_2h	52
33	4	107323A_TLS_4h	110
33	4	107325A_TLS_8h	215
33	4	107349B_TLS_1h	13
33	4	107351B_TLS_2h	105
33	4	107353B_TLS_4h	411
33	4	107355B_TLS_8h	359
33	5	107321A_TLS_2h	1
33	5	107323A_TLS_4h	1
33	5	107325A_TLS_8h	13
33	5	107349B_TLS_1h	2
33	5	107351B_TLS_2h	6
33	5	107353B_TLS_4h	24
33	5	107355B_TLS_8h	19
50	0	107317A_TLS_0h_no4sU	524
50	0	107319A_TLS_1h	455
50	0	107321A_TLS_2h	316
50	0	107323A_TLS_4h	227
50	0	107325A_TLS_8h	132
50	0	107347B_TLS_0h_no4sU	464
50	0	107349B_TLS_1h	386
50	0	107351B_TLS_2h	331
50	0	107353B_TLS_4h	197
50	0	107355B_TLS_8h	130
17	0	107317A_TLS_0h_no4sU	465339
17	0	107319A_TLS_1h	410342
17	0	107321A_TLS_2h	417567
17	0	107323A_TLS_4h	308497
17	0	107325A_TLS_8h	296806
17	0	107347B_TLS_0h_no4sU	477588
17	0	107349B_TLS_1h	380299
17	0	107351B_TLS_2h	401425
17	0	107353B_TLS_4h	371673
17	0	107355B_TLS_8h	238277
50	1	107317A_TLS_0h_no4sU	17
50	1	107319A_TLS_1h	41
50	1	107321A_TLS_2h	86
50	1	107323A_TLS_4h	90
50	1	107325A_TLS_8h	108
50	1	107347B_TLS_0h_no4sU	12
50	1	107349B_TLS_1h	39
50	1	107351B_TLS_2h	53
50	1	107353B_TLS_4h	109
50	1	107355B_TLS_8h	103
17	1	107317A_TLS_0h_no4sU	4333
17	1	107319A_TLS_1h	10953
17	1	107321A_TLS_2h	34956
17	1	107323A_TLS_4h	50248
17	1	107325A_TLS_8h	77559
17	1	107347B_TLS_0h_no4sU	4480
17	1	107349B_TLS_1h	11340
17	1	107351B_TLS_2h	33175
17	1	107353B_TLS_4h	72237
17	1	107355B_TLS_8h	69908
50	2	107319A_TLS_1h	13
50	2	107321A_TLS_2h	20
50	2	107323A_TLS_4h	47
50	2	107325A_TLS_8h	45
50	2	107347B_TLS_0h_no4sU	1
50	2	107349B_TLS_1h	14
50	2	107351B_TLS_2h	24
50	2	107353B_TLS_4h	49
50	2	107355B_TLS_8h	61
17	2	107317A_TLS_0h_no4sU	37
17	2	107319A_TLS_1h	595
17	2	107321A_TLS_2h	4066
17	2	107323A_TLS_4h	7876
17	2	107325A_TLS_8h	14019
17	2	107347B_TLS_0h_no4sU	45
17	2	107349B_TLS_1h	858
17	2	107351B_TLS_2h	5390
17	2	107353B_TLS_4h	15243
17	2	107355B_TLS_8h	15153
50	3	107319A_TLS_1h	2
50	3	107321A_TLS_2h	4
50	3	107323A_TLS_4h	18
50	3	107325A_TLS_8h	16
50	3	107349B_TLS_1h	2
50	3	107351B_TLS_2h	11
50	3	107353B_TLS_4h	24
50	3	107355B_TLS_8h	26
17	3	107317A_TLS_0h_no4sU	1
17	3	107319A_TLS_1h	39
17	3	107321A_TLS_2h	384
17	3	107323A_TLS_4h	947
17	3	107325A_TLS_8h	1891
17	3	107349B_TLS_1h	81
17	3	107351B_TLS_2h	690
17	3	107353B_TLS_4h	2409
17	3	107355B_TLS_8h	2335
50	4	107321A_TLS_2h	1
50	4	107323A_TLS_4h	4
50	4	107325A_TLS_8h	4
50	4	107349B_TLS_1h	1
50	4	107351B_TLS_2h	1
50	4	107353B_TLS_4h	4
50	4	107355B_TLS_8h	8
17	4	107319A_TLS_1h	1
17	4	107321A_TLS_2h	28
17	4	107323A_TLS_4h	85
17	4	107325A_TLS_8h	212
17	4	107349B_TLS_1h	3
17	4	107351B_TLS_2h	70
17	4	107353B_TLS_4h	252
17	4	107355B_TLS_8h	269
50	5	107323A_TLS_4h	1
50	5	107351B_TLS_2h	1
50	5	107353B_TLS_4h	2
50	5	107355B_TLS_8h	1
17	5	107321A_TLS_2h	2
17	5	107325A_TLS_8h	3
17	5	107351B_TLS_2h	2
17	5	107353B_TLS_4h	6
17	5	107355B_TLS_8h	2
67	0	107317A_TLS_0h_no4sU	2
67	0	107319A_TLS_1h	1
67	0	107351B_TLS_2h	1
67	0	107353B_TLS_4h	1
34	0	107317A_TLS_0h_no4sU	46920
34	0	107319A_TLS_1h	43033
34	0	107321A_TLS_2h	36142
34	0	107323A_TLS_4h	22624
34	0	107325A_TLS_8h	17828
34	0	107347B_TLS_0h_no4sU	45842
34	0	107349B_TLS_1h	35410
34	0	107351B_TLS_2h	31156
34	0	107353B_TLS_4h	25278
34	0	107355B_TLS_8h	13991
67	1	107349B_TLS_1h	1
1	0	107317A_TLS_0h_no4sU	429049
1	0	107319A_TLS_1h	361725
1	0	107321A_TLS_2h	439108
1	0	107323A_TLS_4h	375035
1	0	107325A_TLS_8h	382938
1	0	107347B_TLS_0h_no4sU	425779
1	0	107349B_TLS_1h	365101
1	0	107351B_TLS_2h	448789
1	0	107353B_TLS_4h	438322
1	0	107355B_TLS_8h	395872
34	1	107317A_TLS_0h_no4sU	523
34	1	107319A_TLS_1h	2436
34	1	107321A_TLS_2h	6034
34	1	107323A_TLS_4h	7378
34	1	107325A_TLS_8h	9342
34	1	107347B_TLS_0h_no4sU	563
34	1	107349B_TLS_1h	2255
34	1	107351B_TLS_2h	4833
34	1	107353B_TLS_4h	9626
34	1	107355B_TLS_8h	8360
67	2	107323A_TLS_4h	2
1	1	107317A_TLS_0h_no4sU	131
1	1	107319A_TLS_1h	275
1	1	107321A_TLS_2h	1199
1	1	107323A_TLS_4h	2034
1	1	107325A_TLS_8h	3203
1	1	107347B_TLS_0h_no4sU	106
1	1	107349B_TLS_1h	328
1	1	107351B_TLS_2h	1353
1	1	107353B_TLS_4h	3114
1	1	107355B_TLS_8h	3914
34	2	107317A_TLS_0h_no4sU	8
34	2	107319A_TLS_1h	290
34	2	107321A_TLS_2h	1418
34	2	107323A_TLS_4h	2340
34	2	107325A_TLS_8h	3374
34	2	107347B_TLS_0h_no4sU	11
34	2	107349B_TLS_1h	429
34	2	107351B_TLS_2h	1570
34	2	107353B_TLS_4h	3936
34	2	107355B_TLS_8h	3809
34	3	107317A_TLS_0h_no4sU	2
34	3	107319A_TLS_1h	26
34	3	107321A_TLS_2h	314
34	3	107323A_TLS_4h	577
34	3	107325A_TLS_8h	881
34	3	107349B_TLS_1h	73
34	3	107351B_TLS_2h	431
34	3	107353B_TLS_4h	1348
34	3	107355B_TLS_8h	1244
34	4	107319A_TLS_1h	3
34	4	107321A_TLS_2h	50
34	4	107323A_TLS_4h	98
34	4	107325A_TLS_8h	178
34	4	107349B_TLS_1h	18
34	4	107351B_TLS_2h	86
34	4	107353B_TLS_4h	351
34	4	107355B_TLS_8h	315
34	5	107323A_TLS_4h	5
34	5	107325A_TLS_8h	9
34	5	107351B_TLS_2h	12
34	5	107353B_TLS_4h	22
34	5	107355B_TLS_8h	24
51	0	107317A_TLS_0h_no4sU	291
51	0	107319A_TLS_1h	268
51	0	107321A_TLS_2h	213
51	0	107323A_TLS_4h	129
51	0	107325A_TLS_8h	79
51	0	107347B_TLS_0h_no4sU	274
51	0	107349B_TLS_1h	228
51	0	107351B_TLS_2h	194
51	0	107353B_TLS_4h	130
51	0	107355B_TLS_8h	76
18	0	107317A_TLS_0h_no4sU	434660
18	0	107319A_TLS_1h	382865
18	0	107321A_TLS_2h	385304
18	0	107323A_TLS_4h	282902
18	0	107325A_TLS_8h	270783
18	0	107347B_TLS_0h_no4sU	445863
18	0	107349B_TLS_1h	351514
18	0	107351B_TLS_2h	368299
18	0	107353B_TLS_4h	338733
18	0	107355B_TLS_8h	214415
51	1	107317A_TLS_0h_no4sU	9
51	1	107319A_TLS_1h	23
51	1	107321A_TLS_2h	51
51	1	107323A_TLS_4h	70
51	1	107325A_TLS_8h	65
51	1	107347B_TLS_0h_no4sU	8
51	1	107349B_TLS_1h	18
51	1	107351B_TLS_2h	45
51	1	107353B_TLS_4h	59
51	1	107355B_TLS_8h	66
18	1	107317A_TLS_0h_no4sU	3996
18	1	107319A_TLS_1h	10801
18	1	107321A_TLS_2h	34043
18	1	107323A_TLS_4h	47825
18	1	107325A_TLS_8h	73887
18	1	107347B_TLS_0h_no4sU	4061
18	1	107349B_TLS_1h	10826
18	1	107351B_TLS_2h	32041
18	1	107353B_TLS_4h	69737
18	1	107355B_TLS_8h	65908
51	2	107317A_TLS_0h_no4sU	1
51	2	107319A_TLS_1h	5
51	2	107321A_TLS_2h	21
51	2	107323A_TLS_4h	20
51	2	107325A_TLS_8h	29
51	2	107349B_TLS_1h	5
51	2	107351B_TLS_2h	15
51	2	107353B_TLS_4h	42
51	2	107355B_TLS_8h	38
18	2	107317A_TLS_0h_no4sU	36
18	2	107319A_TLS_1h	610
18	2	107321A_TLS_2h	4120
18	2	107323A_TLS_4h	8001
18	2	107325A_TLS_8h	14180
18	2	107347B_TLS_0h_no4sU	40
18	2	107349B_TLS_1h	901
18	2	107351B_TLS_2h	5582
18	2	107353B_TLS_4h	15426
18	2	107355B_TLS_8h	15290
51	3	107321A_TLS_2h	7
51	3	107323A_TLS_4h	7
51	3	107325A_TLS_8h	15
51	3	107349B_TLS_1h	3
51	3	107351B_TLS_2h	2
51	3	107353B_TLS_4h	12
51	3	107355B_TLS_8h	23
18	3	107319A_TLS_1h	43
18	3	107321A_TLS_2h	420
18	3	107323A_TLS_4h	996
18	3	107325A_TLS_8h	1983
18	3	107349B_TLS_1h	84
18	3	107351B_TLS_2h	805
18	3	107353B_TLS_4h	2666
18	3	107355B_TLS_8h	2537
51	4	107321A_TLS_2h	3
51	4	107323A_TLS_4h	2
51	4	107325A_TLS_8h	4
51	4	107349B_TLS_1h	1
51	4	107351B_TLS_2h	2
51	4	107353B_TLS_4h	2
51	4	107355B_TLS_8h	8
18	4	107319A_TLS_1h	2
18	4	107321A_TLS_2h	37
18	4	107323A_TLS_4h	105
18	4	107325A_TLS_8h	200
18	4	107349B_TLS_1h	10
18	4	107351B_TLS_2h	81
18	4	107353B_TLS_4h	312
18	4	107355B_TLS_8h	254
51	5	107323A_TLS_4h	1
51	5	107355B_TLS_8h	4
18	5	107325A_TLS_8h	1
18	5	107349B_TLS_1h	1
18	5	107351B_TLS_2h	1
18	5	107353B_TLS_4h	7
18	5	107355B_TLS_8h	4
68	0	107317A_TLS_0h_no4sU	1
68	0	107323A_TLS_4h	1
68	0	107351B_TLS_2h	1
35	0	107317A_TLS_0h_no4sU	37776
35	0	107319A_TLS_1h	35192
35	0	107321A_TLS_2h	28704
35	0	107323A_TLS_4h	18247
35	0	107325A_TLS_8h	13848
35	0	107347B_TLS_0h_no4sU	36821
35	0	107349B_TLS_1h	28577
35	0	107351B_TLS_2h	24562
35	0	107353B_TLS_4h	20401
35	0	107355B_TLS_8h	11032
2	0	107317A_TLS_0h_no4sU	450623
2	0	107319A_TLS_1h	381464
2	0	107321A_TLS_2h	460188
2	0	107323A_TLS_4h	392830
2	0	107325A_TLS_8h	397807
2	0	107347B_TLS_0h_no4sU	452365
2	0	107349B_TLS_1h	385639
2	0	107351B_TLS_2h	469057
2	0	107353B_TLS_4h	459277
2	0	107355B_TLS_8h	407995
35	1	107317A_TLS_0h_no4sU	454
35	1	107319A_TLS_1h	2090
35	1	107321A_TLS_2h	4976
35	1	107323A_TLS_4h	6019
35	1	107325A_TLS_8h	7582
35	1	107347B_TLS_0h_no4sU	438
35	1	107349B_TLS_1h	1880
35	1	107351B_TLS_2h	3970
35	1	107353B_TLS_4h	7906
35	1	107355B_TLS_8h	6699
